樹木名,科・属名,常緑/落葉区分,樹高区分,樹高,成長速度区分,成長速度詳細,基本的な特徴,魅力・観賞価値,花の観賞価値,花期,花の特徴,実の観賞価値、利用価値,結実期,実の特徴,葉の特徴,幹の特徴,剪定適期,剪定を避ける時期,剪定・仕立て方法,刈込剪定,病害虫のつきやすさ,注意すべき病気・病害虫,耐寒性,耐暑性,耐陰性,耐乾燥性,その他メモ
アオキ,アオキ科・アオキ属,常緑,低木,1m-3m,やや遅い,年10-20cm程度,"日陰に非常に強く、育てやすい。
一年中、光沢のある緑の葉を持つ。
雌雄異株で、雌株は冬に赤い実をつける。
和風・洋風どちらの庭にも合う。","斑入りの品種は庭を明るくする。
冬の赤い実と緑の葉の対比が美しい。",観賞価値が低い,3月-5月,"紫がかった褐色の小さな花。
あまり目立たない。",観賞価値が高い（食用不可）,11月-翌年5月,"光沢のある楕円形の赤い実。
長期間、枝についている。","厚く光沢があり、濃い緑色。
品種により黄色などの斑が入る。","幹や枝も緑色をしている。
古くなると灰褐色になる。",6月-7月、または2月-3月,夏の猛暑期、冬の厳寒期,"自然樹形を活かすのが基本。
混み合った枝や枯れ枝を間引く。
大きさを抑える場合は切り戻す。",可,つきにくい,"特になし。
まれにカイガラムシがつくことがある。",強い,普通（強い西日は避ける）,非常に強い,やや弱い（適度な湿気を好む）,"大気汚染に強い。
潮風にも比較的強い。"
アオハダ,モチノキ科・モチノキ属,落葉,高木,2.5m-3.5m,遅い,,"樹皮は灰白色で、剥がすと緑色の内皮が現れる。
秋には美しい黄葉を見せる。
雌雄異株で、実を楽しむには両性が必要。
自然な樹形が美しく、管理が容易。","爽やかな枝葉と黄葉が魅力的。
赤い実が美しく、シンボルツリーとしても人気。",観賞価値が低い,5月-6月,"目立たない小さな淡い緑色の花。
短い枝の先に咲く。",観賞価値が高い（食用不可）,8月-10月,"直径約7mmの球形。
赤く色づき、胡椒の実に似る。","卵形で先端が尖り、縁にギザギザ。
両面に細かい毛があり、裏面は淡い緑色。","直立し、枝は水平方向に伸びやすい。
樹皮は灰白色で、剥がすと緑色の内皮。",落葉期,特になし,"自然樹形を楽しむ。
無理な剪定は不要。
混み合った枝を間引く程度。",非推奨,つきにくい,"特になし。
まれにテッポウムシの被害。",強い,強い,普通,普通,特になし
アカマツ,マツ科・マツ属,常緑,高木,30m以上（庭木では剪定で調整）,普通,,"樹皮が赤みを帯びる。
葉は針状で2本1組、柔らかい。
耐寒性・耐乾性に優れる。
日当たりの良い場所を好む。","優美な樹形が日本庭園に合う。
建築材や燃料としても利用される。",観賞価値が低い,4月-5月,"目立たない。
雌雄同株。",観賞価値が低い（食用不可）,10月-11月,"松ぼっくり。
種子を内包する。","針状で長さ7-12cm、幅1mm程度。
柔らかく、触れても痛くない。","赤みを帯びた樹皮。
老木では亀甲状に裂ける。",12月-2月,6月-8月（新芽が伸びる時期）,"自然樹形を活かす。
剪定は枝の整理と樹形維持。
強く刈り込むと樹勢が衰える。",非推奨,つきにくい,"特になし。
まれにマツカレハなど。",強い,強い,弱い（日なたを好む）,強い,"痩せ地にも強い。
潮風に強い。"
アケビ,アケビ科・アケビ属,落葉,つる性低木,3m以上,早い,,"つる性で他の樹木に絡みつき生長する。
葉は掌状複葉で5枚の小葉からなる。
雌雄同株で、1本の茎に雄花と雌花が咲く。
つるは工芸品の素材にもなる。","熟すと裂開する果実が特徴的。
甘い果肉は食用になる。",観賞価値あり,4月-5月,"淡い紫色や白色の小さな花。
花弁はなく、萼片が花弁のように見える。",観賞価値が高い（食用可）,9月-10月,"長さ7-10cm程度の楕円形。
熟すと縦に裂開し、白い果肉と黒い種子が現れる。","手のひら状に5枚の小葉が広がる。
小葉は楕円形で縁に鋸歯はない。","長く伸び、木質化する。
他の樹木に絡みつく。",12月-2月,特になし,"自然な生長を促す。
絡みつく場所を確保する。
枯れたつるや混み合ったつるを剪定。",非推奨,つきにくい,"特になし。
まれにアブラムシ。",強い,強い,普通,普通,特になし
アジサイ,アジサイ科・アジサイ属,落葉,低木,1m-2m,普通,,"花びらに見える部分は装飾花と呼ばれる萼。
土壌の酸性度で花色が変わる。
手まり咲きと額咲きがある。
日本が原産で、多くの園芸品種がある。","梅雨時期に美しい花を咲かせる。
多様な花色と咲き方で観賞価値が高い。",観賞価値が高い,5月-7月,"装飾花が発達し、本来の花は小さい。
白、青、紫、赤、ピンクなど多様な花色。",観賞価値が低い（食用不可）,7月-8月,"小さな実がつくが、観賞価値は低い。
種子で増える。","対生で柄があり、通常縁に鋸歯がある。
光沢を帯びているものが多い。","枝や茎の中に大きな白い髄がある。
落葉低木。",花後すぐ（7月頃）,秋以降（翌年の花芽形成期）,"花後すぐに剪定し、翌年の花芽を確保。
古くなった枝や混み合った枝を間引く。
強剪定は避ける。",可,つきにくい,"特になし。
まれにうどんこ病やアブラムシ。",強い,強い,普通,普通,特になし
アセビ,ツツジ科・アセビ属,常緑,低木,1.5m-2.5m,遅い,,"光沢のある濃い緑色の葉を持つ常緑低木。
早春に鈴のような壺形の花を多数つける。
株全体に毒性があるため、誤飲・誤食に注意。
自然とまとまる樹形。","早春に咲く可憐な花が魅力的。
常緑で一年中緑を楽しめる。",観賞価値あり,2月下旬-4月上旬,"鈴のような壺形の小さな花。
下向きに多数咲き、白、ピンク、赤紫色がある。",観賞価値が低い（毒性あり）,6月-7月,"小さな球形の実がつく。
観賞価値は低い。","倒披針形で細かい鋸歯がある。
光沢のある濃い緑色。","自然とまとまる株立ち状。
あまり大きくならない。",花後（5月-6月）,特になし,"自然樹形を活かす。
混み合った枝を間引く程度。
強剪定は避ける。",非推奨,つきにくい,"特になし。
病害虫は少ない。",強い,強い,普通,普通,特になし
アベリア,スイカズラ科・アベリア属,半常緑-落葉,低木,1m-1.5m,早い,,"非常に丈夫で育てやすい。
初夏から晩秋まで長い開花期。
葉色や斑入りの品種が豊富。
生垣や街路樹として広く利用される。","長い期間花を楽しめる。
多様な葉色で景観を彩る。",観賞価値あり,6月-11月,"白またはピンクの小さな花。
多数の花が咲き続ける。",観賞価値が低い（食用不可）,10月-12月,"小さな実がつくが、目立たない。
観賞価値は低い。","光沢のある濃緑色。
斑入りや黄金葉、紅葉する品種がある。","枝を湾曲させるように伸ばし、ブッシュ状になる。
若い枝は紅色、古くなると灰褐色。",通年（真夏・真冬を除く）,真夏、真冬,"刈り込みに強く、樹形を整えやすい。
生垣や植え込みに利用。
強剪定も可能。",推奨,つきにくい,"特になし。
病害虫の心配が少ない。",強い,強い,普通（日陰では花つきが悪くなる）,強い,土質を選ばない。
アラカシ,ブナ科・コナラ属,常緑,高木,10m-20m,普通,,"樹皮は灰褐色で縦に浅い割れ目がある。
葉は濃い緑色で光沢があり、上半分の縁に鋸歯。
雌雄同株で、どんぐりをつける。
硬く耐久性に優れ、木材としても利用される。","一年中青々とした葉で景観を彩る。
防風林や生垣、シンボルツリーに適する。",観賞価値が低い,4月-5月,"目立たない。
雄花序は垂れ下がり、雌花は葉腋につく。",観賞価値が高い（食用可）,秋,"丸めで長さ2-3cm程度の卵円形。
殻斗には横縞模様がある。","長楕円形で先端が鋭く尖る。
上半分の縁に粗く鋭い鋸歯がある。","灰褐色で、縦に浅い割れ目がある。
やや粗い質感。",2月-3月,特になし,"自然樹形を活かす。
生垣や刈り込みにも耐える。
強剪定は避ける。",推奨,つきにくい,"特になし。
病害虫は少ない。",強い,強い,普通,強い,"乾燥や貧栄養にも比較的耐える。
萌芽力が強い。"
アンズ,バラ科・サクラ属,落葉,小高木-高木,3m-15m,普通,,"春に葉に先立って淡紅色の花を咲かせる。
6-7月に橙黄色の果実が熟す。
果肉は酸味が強く、加工用が多い。
種子は杏仁として利用される。","美しい花は花見の対象にもなる。
食用となる果実を収穫できる。",観賞価値あり,3月-4月,"淡紅色で、サクラよりやや早く開花。
一重咲きや八重咲きの品種がある。
ウメと異なり萼が反り返る。",観賞価値が高い（食用可）,6月-7月,"ウメに似た橙黄色の果実。
表面に細かな産毛が密生。
熟すと種と果肉が離れやすい。","卵円形から広楕円形。
葉縁には鋸歯がある。","暗灰褐色でやや赤みを帯び、縦に割れ目が入る。
一年枝は赤褐色で光沢がある。",12月-2月,開花期、結実期,"自然樹形を活かす。
混み合った枝や枯れ枝を剪定。
実を収穫する場合は摘果を行う。",可,普通,"灰星病、アブラムシ、カイガラムシ。
無農薬栽培は難しい場合がある。",強い,普通,普通,普通,比較的涼しい地域での栽培に適する。
イチイ,イチイ科・イチイ属,常緑,高木,10m-20m,遅い,,"成長は遅いが、耐寒性・耐陰性が強い。
葉は針状で柔らかく、触れても痛くない。
雌雄異株で、赤い実をつける。
材は緻密で加工しやすく、建築材などに利用される。","一年中緑を楽しめる。
刈り込みに強く、様々な樹形に仕立てられる。",観賞価値が低い,3月-4月,"雄花は淡黄色、雌花は淡緑色。
目立たない。",観賞価値が高い（仮種皮は食用可、種子・枝葉は有毒）,9月-10月,"液果状の仮種皮に包まれた種子が赤く熟す。
仮種皮は甘みがあり食用になる。","長さ1.2-2.5cmの扁平な線形。
表面は深緑色で光沢がなく、裏面は淡緑色。","赤褐色で、縦に浅く裂けて剥がれる。
",3月-4月、または9月-10月,特になし,"刈り込みに強く、生垣や玉づくりに。
自然樹形を活かす場合は、不要な枝を間引く。
",推奨,つきにくい,"特になし。
病害虫は少ない。",強い,強い,強い,普通,土壌を選ばない。
イチョウ,イチョウ科・イチョウ属,落葉,高木,30m-45m,普通,,"扇形の葉が特徴で、秋には鮮やかに黄葉する。
雌雄異株で、雌株のみ銀杏（ぎんなん）をつける。
非常に生命力が強く、樹齢が長い。
街路樹や公園樹として広く植栽される.","秋の黄葉が美しい。
銀杏は食用になる.",観賞価値が高い,4月-5月,"雄花は淡黄緑色の円柱形、雌花は緑色。
葉の展開前に咲く.",観賞価値が高い（食用可）,10月-11月,"直径約2cmの球形。
外種皮は悪臭を放つが、中の種子（銀杏）は食用.","扇形で、葉脈は二又分岐。
秋には鮮やかな黄色に紅葉する.","幹は直立し、樹皮は灰色-灰褐色で縦に粗く裂ける。
老木になると「乳（ちち）」と呼ばれる気根が垂れ下がる.",12月-2月,特になし,"自然樹形を活かす。
剪定は不要な枝の整理程度。
強剪定は避ける.",非推奨,つきにくい,"特になし。
病害虫は少ない.",強い,強い,強い,強い,"耐火性に優れる。
大気汚染に強い."
イトヒバ,ヒノキ科・ヒノキ属,常緑,高木,10m（剪定で調整）,遅い,,"細い枝や葉先が糸のように垂れ下がる。
葉は鱗状で、触れるとチクチクすることがある。
成長が遅く、手入れが比較的楽。
病害虫の心配がほとんどない。","風情ある垂れ下がった樹形が魅力的。
日本庭園などで古くから親しまれる。",観賞価値が低い,4月-5月,"小さく目立たない。
雌雄同株。",観賞価値が低い（食用不可）,秋,"サワラと同じような実がつく。
観賞価値は低い。","鱗状の小さな葉の集まり。
先端は鋭く尖り、触れるとチクチクする。","樹齢を重ねると縦に薄く剥離する。
サワラやヒノキに似る。",通年（真夏・真冬を除く）,真夏、真冬,"自然樹形を活かす。
不要な枝を間引く程度。
刈り込みにも耐える。",推奨,つきにくい,"特になし。
病害虫は少ない。",強い,強い,強い,普通,積雪に耐える。
イヌツゲ,モチノキ科・モチノキ属,常緑,低木,2m-3m,やや早い,,"密に枝分かれし、葉が密生する。
耐寒性、耐暑性、耐陰性に非常に強い。
成長が比較的早く、刈り込みに強い。
生垣やトピアリーに広く利用される。","一年中濃い緑色の葉を楽しめる。
様々な樹形に仕立てられる。",観賞価値が低い,5月-7月,"葉の付け根に目立たない小さな白い花。
雌雄異株。",観賞価値が低い（食用不可）,10月-11月,"直径0.5-0.6cmほどの黒紫色の丸い実。
鳥の餌になる。","長さ1-3cmの小さな楕円形。
濃い緑色の光沢がある革質で、縁に鋸歯。","密に枝分かれし、様々な樹形に仕立てやすい。
",通年（真夏・真冬を除く）,真夏、真冬,"刈り込みに強く、自由に形を整えられる。
生垣や玉仕立て、トピアリーに。
",推奨,つきにくい,"特になし。
病害虫は少ない。",強い,強い,強い,強い,煙害や塩害にも耐える。
イヌマキ,マキ科・マキ属,常緑,高木,20m（剪定で調整）,普通,,"細長い扁平な線形の葉を持つ常緑針葉樹。
雌雄異株で、雌株は赤い花托と緑色の種子をつける。
刈り込みに強く、様々な樹形に仕立てられる。
潮風や大気汚染に強い。","一年中緑を楽しめる。
生垣や防風林として利用される。",観賞価値が低い,5月-6月,"雄花は円柱状で黄白色。
雌花は小さな突起状。",観賞価値が高い（花托は食用可、種子は有毒）,10月頃,"赤い花托と、その上に白く粉をふいた緑色の種子。
赤い花托は甘味があり食用できる。","細長い扁平な線形。
長さ8-20cm、幅7-14mmで革質。","灰白色から灰褐色で、細かく薄く縦長に剥がれる。
",通年（真夏・真冬を除く）,真夏、真冬,"刈り込みに強く、生垣や玉づくりに。
自然樹形を活かす場合は、不要な枝を間引く。
",推奨,つきにくい,"特になし。
病害虫は少ない。",強い,強い,普通,強い,潮風や大気汚染に強い。
イロハモミジ,ムクロジ科・カエデ属,落葉,小高木-高木,4m-15m,普通,,"掌状に深く5-7裂する葉が特徴。
春には小さな暗赤色の花を咲かせる。
秋には鮮やかな赤色に紅葉する。
優雅な枝ぶりで、庭園に欠かせない.","新緑、花、紅葉と四季折々の美しさを楽しめる。
シンボルツリーとしても人気.",観賞価値が低い,4月-5月,"暗赤色の小さな花。
本年枝の先に垂れ下がって咲く.",観賞価値が低い（食用不可）,秋,"プロペラのような翼のある翼果。
2つの種子がほぼ水平に開く.","掌状に深く5-7裂する。
秋には鮮やかな赤色に紅葉する.","若木の樹皮は滑らかで緑色。
樹齢を重ねると淡い灰褐色で縦に浅い割れ目.",12月-2月,6月-8月（新芽が伸びる時期）,"自然樹形を活かす。
不要な枝を間引く程度。
強剪定は避ける.",非推奨,つきにくい,"特になし。
病害虫は少ない.",強い,強い,普通,普通,特になし
ウツギ,アジサイ科・ウツギ属,落葉,低木,1.5m-2.5m,普通,,"幹や枝の中心が空洞になっている。
初夏に白、ピンク、赤などの美しい花を咲かせる。
耐寒性、耐暑性ともに強く、育てやすい。
枝がよく伸びるため、剪定が必要。","満開時には枝全体が花で覆われ見事。
",観賞価値が高い,5月中旬-6月上旬,"釣鐘形や漏斗状の小さな花。
多数集まって咲き、一重咲き、八重咲きがある。",観賞価値が低い（食用不可）,7月-8月,"小さな実がつくが、目立たない。
観賞価値は低い。","対生し、卵状長楕円形から卵状披針形。
若葉の表面には星状毛があり、ザラザラする。","幹や枝の中心が空洞。
よく枝分かれし、株立ちになる。",花後（6月中旬頃）,7月中旬以降（翌年の花芽形成期）,"花後すぐに剪定し、翌年の花芽を確保。
混み合った枝や伸びすぎた枝を切り詰める。
強剪定は避ける。",可,つきにくい,"特になし。
病害虫は少ない。",強い,強い,普通,普通,特になし
ウメ,バラ科・サクラ属,落葉,小高木,1.5m-4.0m,普通,,"早春に上品な香りの花を咲かせる。
果実は酸味が強く、加工用が多い。
寿命が長く、古木となっても力強く芽吹く。
「桜切る馬鹿、梅切らぬ馬鹿」と言われるほど剪定が重要。","春の訪れを告げる花として親しまれる。
梅干しや梅酒など、実用的な価値も高い。",観賞価値が高い,1月-3月,"白、紅、ピンクなど様々な花色。
一重咲き、八重咲きの品種がある。
上品で甘い香り。",観賞価値が高い（食用可）,6月-7月,"ウメに似た橙黄色の果実。
表面はビロード状の毛に覆われる。","卵形で、縁には細かいギザギザがある。
秋には黄葉するが、観賞価値は高くない。","暗灰褐色でやや赤みを帯び、縦に割れ目が入る。
",11月-12月、または2月-3月,開花期、結実期,"樹形を整えるための剪定が重要。
不要な枝や徒長枝を剪定。
実を収穫する場合は摘果を行う。",可,普通,"灰星病、アブラムシ、カイガラムシ。
病害虫の被害は比較的多い。",強い,強い,普通,普通,乾燥に強い。
ウメモドキ,モチノキ科・モチノキ属,落葉,低木,2m-3m,普通,,"秋に球形の赤い実をつけ、落葉後も長く枝に残る。
葉の形がウメに似ているが、ウメの仲間ではない。
雌雄異株で、実をつけるのは雌株のみ。
暑さや寒さに強く、育てやすい。","冬の庭を彩る赤い実が魅力的。
盆栽や生け花の花材としても利用される。",観賞価値が低い,6月,"淡い紫色やピンク色の小さな花。
あまり目立たない。",観賞価値が高い（食用可）,秋,"直径約5mmの球形の赤い実。
落葉後も冬の間長く枝に残る。","ウメに似た葉の形。
","特になし。
",12月-2月,特になし,"自然樹形を活かす。
混み合った枝や枯れ枝を間引く。
",可,つきにくい,"特になし。
病害虫は比較的少ない。",強い,強い,普通,普通,特になし
エゴノキ,エゴノキ科・エゴノキ属,落葉,高木,7m-8m,普通,,"5-6月に鈴形の花を枝いっぱいに咲かせる。
甘い香りがあり、「ジャパニーズ・スノーベル」とも呼ばれる。
果皮には有毒成分が含まれ、「えぐい」味がする。
野趣に富む樹形。","清涼感のある花が美しい。
鳥が実を好んで食べる。",観賞価値が高い,5月-6月,"下向きに白やピンクの鈴形の花。
甘い香りがある。",観賞価値が高い（果皮は有毒）,夏-秋,"直径約1cmほどの卵球形。
熟すと茶色く色づき、縦に割れて種子が出てくる。","明るい緑色の卵形。
ふちに浅いギザギザがある。","幹はあまり太くならず、株立ちになるものが多い。
樹皮は平滑で赤褐色から黒褐色。",12月-2月,特になし,"自然樹形を活かす。
不要な枝を間引く程度。
強剪定は避ける。",非推奨,つきにくい,"特になし。
病害虫は少ない。",強い,強い,普通,普通,特になし
オウゴンモチ,モチノキ科・モチノキ属,常緑,小高木,2m-5m,遅い,,"新葉が鮮やかな黄緑色（黄金色）になる。
葉は成熟するにつれて緑色に変化する。
刈り込みに強く、萌芽力も強い。
雌雄異株で、雌株には秋に赤い実がなる。","新葉の黄金色が非常に鮮やかで美しい。
生垣やシンボルツリーとして利用される。",観賞価値が低い,5月-6月,"目立たない。
",観賞価値が高い（食用不可）,秋,"直径約5mmの球形の赤い実。
鳥に好まれる。","新葉は鮮やかな黄緑色。
成熟すると緑色になる。","特になし。
",通年（真夏・真冬を除く）,真夏、真冬,"刈り込みに強く、樹形を整えやすい。
生垣や玉づくりに。",推奨,つきにくい,"カイガラムシ、すす病。
剪定で風通しを良くすることで予防。",普通,普通,普通,普通,日当たりが良いほど葉の発色が良くなる。
オガタマノキ,モクレン科・オガタマノキ属,常緑,高木,10m-15m,普通,,"日本に自生するモクレン科唯一の常緑樹。
早春に芳香の強い白い花を咲かせる。
葉は光沢があり、裏面は白っぽい。
神前に葉を供える木として利用される.","甘い香りの花が魅力的。
壮大な樹形が景観を彩る.",観賞価値が高い,2月-4月,"直径約3cmの芳香の強い白い花。
花被片は12個あり、基部は紫紅色を帯びる.",観賞価値が低い（食用不可）,10月頃,"球形の果実が多数集まって房状になる。
種子は赤く目立つが、熟すと黒くなる.","長さ8-14cmの長楕円形。
表面は深緑色で光沢があり、裏面は帯白青色.","やや緑がかった灰色で、皺や皮目は少なく滑らか。
幹は直立し、分岐する.",12月-2月,特になし,"自然樹形を活かす。
剪定は不要な枝の整理程度。
強剪定は避ける.",非推奨,つきにくい,"特になし。
病害虫は少ない.",普通,普通,普通,普通,寒さや強風、乾いた寒風に弱い。
オリーブ,モクセイ科・オリーブ属,常緑,高木,8m（剪定で調整）,早い,,"シルバーグリーンがかった細長い葉が特徴。
品種によって様々な樹形がある。
5-6月にクリーム色の小さな花を咲かせ、実をつける。
基本的に1本では実がなりにくい自家不結実性。","美しい葉色と樹形が魅力的。
食用となる果実を収穫できる。",観賞価値が低い,5月-6月,"クリーム色の小さな花。
",観賞価値が高い（食用可）,秋,"最初は緑色で、熟すと濃い紫から黒に変化。
オリーブオイルやピクルスに加工される。","シルバーグリーンがかった細長い葉。
品種によってはハート型や卵型。","品種によって直立型、開帳型、下垂型など様々。
",通年（真夏・真冬を除く）,真夏、真冬,"自然樹形を活かす。
不要な枝や混み合った枝を剪定。
実を収穫する場合は摘果を行う。",可,つきにくい,"特になし。
病害虫は少ない。",強い,強い,普通,強い,乾燥に強い。
カイヅカイブキ,ヒノキ科・ビャクシン属,常緑,高木,6m-7m（剪定で調整）,普通,,"枝葉が密生し、枝先が火炎状や渦巻き状になる。
葉は鱗状葉が一般的だが、針状葉も出る。
潮風や大気汚染に強く、丈夫。
生垣や仕立物として利用される。","独特の樹形が景観のアクセントになる。
密生した枝葉は目隠し効果が高い。",観賞価値が低い,4月,"雌雄異株で、小さく目立たない。
雄花は茶色い楕円形、雌花は黄緑色から淡い青色。",観賞価値が低い（食用不可）,翌年の秋,"直径約1cmの球果。
熟すと褐色になり、白い粉を吹く。","鱗状葉が一般的だが、針状葉も出る。
濃い緑色で光沢があり、冬でも変色しない。","枝先が火炎状や渦巻き状になる。
",4月中旬-5月中旬,特になし,"年に一度は剪定が必要。
樹形を維持するための刈り込み。
強剪定も可能。",推奨,普通,"赤星病、カイガラムシ、ハダニ。
ナシ類への赤星病伝染に注意。",強い,強い,普通（日当たりを好む）,強い,潮風や大気汚染に強い。
カイドウ,バラ科・リンゴ属,落葉,低木-小高木,4m-8m,普通,,"淡いピンク色の可憐な花を枝いっぱいに咲かせる。
花びらは半開状態で、完全に開かない。
長めの花茎を伸ばし、垂れ下がるように花を付ける。
中国原産で、日本では庭木や盆栽として親しまれる。","可憐な花が美しく、春の庭を彩る。
美人の代名詞としても使われる。",観賞価値が高い,4月-5月,"淡いピンク色の可憐な花。
つぼみは桃紅色、開花すると内側は桃白色、外側は桃紅色。",観賞価値が低い（食用可）,秋,"直径1.5cm前後のリンゴのような果実。
熟すと黄褐色になる。","卵形で、縁に細かい鋸歯がある。
","暗灰色でほぼ滑らか。
幹の下部から枝分かれするように乱れながら樹形を形成。",12月-2月,特になし,"自然樹形を活かす。
不要な枝や混み合った枝を間引く。
強剪定は避ける。",非推奨,普通,"比較的病害虫に合いやすい。
アブラムシ、うどんこ病など。",強い,強い,普通（日当たりを好む）,やや弱い,特になし
カキ,カキノキ科・カキノキ属,落葉,小高木,2m-5m,普通,,"熟した果実は食用とされ、ビタミン類や食物繊維が豊富。
甘柿と渋柿があり、多くの品種が存在する。
育てやすく、家庭果樹としても人気。
秋には美しい紅葉を見せる。","食用となる果実を収穫できる。
秋の紅葉が美しい。",観賞価値が低い,5月-6月,"目立たない。
",観賞価値が高い（食用可）,秋,"熟すと橙色になり、甘柿と渋柿がある。
","卵形で、縁には細かいギザギザがある。
秋には美しい紅葉を見せる。","特になし。
",12月-2月,特になし,"枝先に花芽ができるため、剪定で切り詰めすぎない。
不要な枝や混み合った枝を間引く。
",可,普通,"ヘタムシ、落葉病、イラガの幼虫。
",強い,強い,普通,普通,日本全国のほとんどの気候に適応できる。
カクレミノ,ウコギ科・カクレミノ属,常緑,小高木,1m-2m（自然では5m以上）,遅い,,"若い木では3-5つに深く裂けた葉が特徴。
成長すると切れ込みが目立たなくなる。
日陰に非常に強く、育てやすい。
「厄災から身を隠す」縁起物とされる。","独特の葉の形が魅力的。
一年中緑を楽しめる。",観賞価値が低い,6月-8月,"黄緑色の小さな花。
目立たない。",観賞価値が低い（食用不可）,10月-11月,"黒紫色の球形の実。
野鳥が好んで食べる。","若い木では3-5つに深く裂けた葉。
成長すると楕円形や菱状楕円形になる。
光沢があり、3本の太い葉脈が目立つ。","上部に枝葉が茂り、全体的に傘を広げたような樹形。
",通年（真夏・真冬を除く）,真夏、真冬,"自然樹形を活かす。
不要な枝や混み合った枝を間引く。
強剪定は避ける。",非推奨,つきにくい,"特になし。
病害虫は少ない。",普通,強い,非常に強い,やや弱い,特になし
カツラ,カツラ科・カツラ属,落葉,高木,20m以上,早い,年30cm-50cm程度,"ハート形の葉が特徴で、秋には鮮やかに紅葉する。
落葉した葉は甘く香ばしい独特の香りを放つ。
雌雄異株で、葉が出る前に花を咲かせる。
幹はまっすぐで、左右対称に枝が広がる端正な樹形。","秋の美しい紅葉と、落葉の香りが魅力的。
端正な樹形はシンボルツリーに適する。",観賞価値が低い,4月,"花弁や萼はなく、目立たない薄紅色。
雄花は紅色の雄しべが房になって垂れ下がる。",観賞価値が低い（食用不可）,秋,"プロペラのような翼のある翼果。
","ハート形または広卵形。
秋には黄色や橙色、赤色に鮮やかに紅葉する。","幹はまっすぐで、大木になると株立ちになる。
樹皮は暗灰褐色で、老木になると縦に裂ける。",12月-2月,特になし,"自然樹形を活かす。
不要な枝や混み合った枝を間引く。
強剪定は避ける。",非推奨,つきにくい,"特になし。
病害虫は少ない。",強い,強い,普通,普通,湿り気のある場所を好む。
ガマズミ,レンプクソウ科・ガマズミ属,落葉,低木,2m-3m,普通,年20cm-30cm程度,"5-6月に白い小花が密集して咲く。
秋には真っ赤な実をつけ、冬まで楽しめる。
暑さや寒さに強く、育てやすい。
秋から冬にかけて美しい紅葉が楽しめる。","白い花と赤い実、そして紅葉と四季折々の変化が楽しめる。
実は食用にもなる。",観賞価値あり,5月-6月,"枝先に白い小花が密集して咲く。
花序は直径5-10cmになり、独特の香りがある。",観賞価値が高い（食用可）,9月-11月,"直径約6mmの楕円形の真っ赤な実。
晩秋には甘味が増し、生で食べられる。","長さ6-15cm、幅3-14cmで、対になって生じる。
両面に毛が生えており、触るとザラザラする。","特になし。
",12月-2月,特になし,"自然樹形を活かす。
不要な枝や混み合った枝を間引く。
強剪定は避ける。",可,つきにくい,"特になし。
病害虫は少ない。",強い,強い,普通,普通,特になし
カルミア,ツツジ科・カルミア属,常緑,低木,0.8m-2.0m,遅い,年10cm-20cm程度,"蕾が金平糖のような形。
開くと皿形や五角形の椀形になる。
花色は白、赤、ピンクなど多様。
葉には有毒成分が含まれる。","金平糖のような蕾と、華やかな花が魅力的。
",観賞価値が高い,5月上旬-6月中旬,"蕾は金平糖のような形。
開くと皿形や五角形の椀形になる。
直径2cmほどの花が房状に咲く。",観賞価値が低い（食用不可）,夏,"小さな実がつくが、目立たない。
","光沢のある濃い緑色。
","灰褐色で、樹齢を重ねると縦に筋が入る。
よく枝分かれする。",花後すぐ（6月下旬頃）,特になし,"自然樹形を活かす。
不要な枝や混み合った枝を間引く。
強剪定は避ける。",非推奨,つきにくい,"特になし。
病害虫は少ない。",強い,強い,普通,普通,移植を苦手とする。
キャラ,イチイ科・イチイ属,常緑,低木,1m-3m,遅い,年5cm-10cm程度,"イチイの変種で、幹が直立せず横に広がる。
葉は針状で柔らかく、触れても痛くない。
雌雄異株で、赤い実をつける。
成長が非常に穏やかで、剪定に強い。","一年中緑を楽しめる。
刈り込みに強く、様々な樹形に仕立てられる。",観賞価値が低い,3月-5月,"目立たない。
",観賞価値が高い（仮種皮は食用可、種子は有毒）,9月-10月,"直径1cmほどの赤い実（仮種皮に包まれた種子）。
赤い部分は甘く食用できる。","長さ1.5-2.5cmの扁平な線形。
先端は尖っているが触れても痛くない。","幹が直立せず、根元から枝分かれして横に広がる。
",3月-4月、または9月-10月,特になし,"刈り込みに強く、生垣や玉づくりに。
自然樹形を活かす場合は、不要な枝を間引く。
",推奨,つきにくい,"特になし。
病害虫は少ない。",強い,強い,普通,普通,特になし
キョウチクトウ,キョウチクトウ科・キョウチクトウ属,常緑,低木-高木,3m-6m,早い,年30cm-50cm程度,"6月下旬から9月上旬にかけて、様々な色の花を咲かせる。
葉は厚く細長い楕円形で、竹の葉に似る。
暑さ、乾燥、排気ガス、潮風に強く、丈夫。
葉、茎、根、花、種子のすべてに強力な毒性がある。","長い期間花を楽しめる。
過酷な環境にも耐える。",観賞価値が高い,6月下旬-9月上旬,"ピンク、白、赤、オレンジ、クリームなど多様な花色。
一つ一つの花は小さいが、株全体を覆うほど咲き誇る。",観賞価値が低い（食用不可、有毒）,秋,"小さな実がつくが、目立たない。
","厚く細長い楕円形。
竹の葉に似る。","特になし。
",花後すぐ（9月頃）,特になし,"成長が早いため、毎年剪定が必要。
樹形を整えるための刈り込み。
強剪定も可能。",推奨,つきにくい,"特になし。
病害虫は少ない。",強い,強い,普通,強い,潮風や大気汚染に強い。
キンカン,ミカン科・キンカン属,常緑,低木,1m-2m,普通,年10cm-20cm程度,"樹高は低く、よく枝分かれする。
香りの良い白い小さな花を咲かせる。
冬に橙黄色の実をつけ、皮ごと食べられる。
縁起物として親しまれる.","皮ごと食べられる実が特徴。
黄金色の実をたくさんつける姿が美しい.",観賞価値が低い,7月-8月（四季咲き性あり）,"香りの良い白い小さな花。
",観賞価値が高い（食用可）,冬,"直径2-3cm程度の球形または短卵形。
皮ごと食べられ、熟すと酸味が少なく甘みがある.","長さ5-7cmの長楕円形または卵形。
革質で光沢のある緑色.","茶褐色で、縦に裂け目ができることがある。
品種によっては短いトゲがある.",2月-3月,特になし,"自然樹形を活かす。
不要な枝や混み合った枝を間引く。
",可,つきにくい,"特になし。
病害虫は少ない.",強い,強い,普通,普通,育てやすい。
キンモクセイ,モクセイ科・モクセイ属,常緑,小高木,5m-6m,普通,年20cm-30cm程度,"秋に橙黄色の小さな花をたくさん咲かせ、甘く強い香りを放つ。
ジンチョウゲ、クチナシとともに「世界三大香木」の一つ。
日本には雄株しか渡来していないため、種子はできない。
丈夫で育てやすい。","甘く芳醇な香りが魅力的。
秋の訪れを告げる風物詩。",観賞価値が高い,9月下旬-10月中旬,"橙黄色の小さな花。
甘く芳醇な香りを放つ。",観賞価値が低い（食用不可）,特になし,"特になし。
","濃緑色で光沢がある。
","特になし。
",花後すぐ（10月下旬頃）,特になし,"樹形を整えるための剪定。
不要な枝や混み合った枝を間引く。
強剪定は避ける。",推奨,つきにくい,"カイガラムシ、ハダニ。
風通しを良くすることで予防。",普通,強い,普通,普通,寒さにはやや弱い。
ギンモクセイ,モクセイ科・モクセイ属,常緑,高木,3m-10m,普通,年20cm-30cm程度,"キンモクセイの基本種で、葉はキンモクセイより幅広。
9月-10月に白や淡い黄色の小さな花を咲かせる。
甘く特徴的な芳香があるが、キンモクセイほど強くない。
雌雄異株で、雌の木には黒紫色の実がなる。","甘い香りの花が魅力的。
庭木やシンボルツリーとして利用される。",観賞価値が高い,9月-10月,"花径3-4mm程度の小さな4弁花。
花色は白、淡い黄色、黄色、黄橙色と変異が多い。",観賞価値が低い（食用不可）,秋,"長さ1-1.5cmほどの黒紫色の実。
日本でも稀に結実する。","長さ7-15cmほどの光沢のある葉。
縁や先端に小さな鋸歯がある。","灰褐色でザラザラしており、サイの肌に似る。
低い位置で枝分かれしてこんもりとまとまる。",花後すぐ（10月下旬頃）,特になし,"樹形を整えるための剪定。
不要な枝や混み合った枝を間引く。
強剪定は避ける。",推奨,つきにくい,"特になし。
病害虫は少ない。",普通,普通,普通,普通,特になし
グミ,グミ科・グミ属,常緑-落葉,低木,1m-3m,やや遅い,年10cm-20cm程度,"白色や淡い黄色の花をたくさん咲かせる。
楕円形で赤く熟す果実が特徴で、多くは食用になる。
乾燥に非常に強く、潮風にも強い。
根に窒素固定を行う放線菌が共生するため、やせた土地でも育つ。","食用となる果実を収穫できる。
丈夫で育てやすい。",観賞価値が低い,春,"白色や淡い黄色の小さな花。
花弁はなく、筒状のガクの先端が4つに割れたもの。",観賞価値が高い（食用可）,夏-秋,"楕円形で赤く熟す。
熟すと甘みがあるが、未熟なものは渋みが強い。","互生し、葉や茎には毛が多い。
斑入りの葉を持つ品種もある。","特になし。
",12月-2月,特になし,"自然樹形を活かす。
不要な枝や混み合った枝を間引く。
",可,つきにくい,"特になし。
病害虫は少ない。",強い,強い,普通,強い,潮風に強い。
クロガネモチ,モチノキ科・モチノキ属,常緑,高木,3m-10m,普通,年20cm-30cm程度,"葉柄や若い枝が黒紫色を帯びる。
秋から冬にかけて赤い実を多数つける。
「苦労がなく金持ち」に通じる縁起の良い木。
雌雄異株で、雌株のみ実をつける。","冬の庭を彩る赤い実が美しい。
縁起物として親しまれる。",観賞価値が低い,5月-6月,"淡い紫-クリーム色の小さな花。
目立たない。",観賞価値が高い（食用不可）,11月-12月,"直径5-8mmほどの球形の赤い実。
多数がまとまって実る。","長さ5-8cmの長楕円形。
厚い革質で、表面は艶のある濃緑色。","灰白色で滑らか。
",12月-2月,特になし,"自然樹形を活かす。
不要な枝や混み合った枝を間引く。
強剪定は避ける。",可,つきにくい,"特になし。
病害虫は少ない。",強い,強い,普通,普通,特になし
クロマツ,マツ科・マツ属,常緑,高木,20m以上,普通,年20cm-30cm程度,"樹皮は黒褐色で、老木になると深い亀甲状に裂ける。
葉は針形で2本1組、太く硬い。
潮風に強く、海岸沿いに多く見られる。
防風・防潮林や庭木として広く植栽される.","力強い樹形が魅力的。
門松など文化的な意味合いも持つ.",観賞価値が低い,4月-5月,"雄花は新枝の基部に群がってつき、雌花は新枝の先端に紅紫色の球形.
雌雄同株.",観賞価値が低い（食用不可）,翌年の10月頃,"松ぼっくり。
褐色に熟して裂開する.","長さ10-15cmの針形。
太く硬く、先端が鋭く尖る.","黒褐色で、老木になると深い亀甲状に裂ける。
",12月-2月,特になし,"樹形を整えるための剪定。
不要な枝や混み合った枝を間引く。
強剪定は避ける.",非推奨,つきにくい,"特になし。
病害虫は少ない.",強い,強い,普通,強い,潮風に強い。
ゲッケイジュ,クスノキ科・ゲッケイジュ属,常緑,高木,10m,早い,年30cm-50cm程度,"厚く光沢のある濃緑色の葉を持つ。
葉や枝を傷つけると爽やかでスパイシーな香りがする。
乾燥させた葉は「ローリエ」として香辛料に利用される。
雌雄異株で、日本では雌株が少ない。","香りの良い葉が魅力的。
勝利や栄誉の象徴とされる。",観賞価値が低い,4月-5月,"黄白色の小さな花。
目立たない。",観賞価値が低い（食用不可）,10月頃,"黒紫色の液果。
","厚く光沢のある濃緑色の長楕円形。
葉縁は全縁だが、波打つことが多い。","特になし。
",通年（真夏・真冬を除く）,真夏、真冬,"樹形を整えるための剪定。
不要な枝や混み合った枝を間引く。
強剪定も可能。",推奨,つきにくい,"カイガラムシ。
風通しを良くすることで予防。",強い,強い,普通,普通,特になし
ケヤキ,ニレ科・ケヤキ属,落葉,高木,20m-50m,早い,年30cm-50cm程度,"空に向かって扇形に大きく広がる美しい樹形。
樹皮は成長すると鱗状に剥がれ落ち、まだら模様になる。
秋にはオレンジから黄色、時には赤色に色づく紅葉。
材は非常に硬く、建築材や家具などに利用される。","美しい樹形と紅葉が魅力的。
日本の代表的な広葉樹。",観賞価値が低い,4月-5月,"黄緑色の目立たない花。
葉が出る頃に咲く。",観賞価値が低い（食用不可）,10月頃,"直径約5mmの歪な球形。
","卵形から卵状披針形。
先端が尖り、縁には曲線的なギザギザがある。","若い木の樹皮は灰褐色で滑らか。
成長すると鱗状に剥がれ落ち、まだら模様になる。",12月-2月,特になし,"自然樹形を活かす。
不要な枝や混み合った枝を間引く。
強剪定は避ける。",非推奨,つきにくい,"特になし。
病害虫は少ない。",強い,強い,普通,普通,大気汚染に敏感。
コウヤマキ,コウヤマキ科・コウヤマキ属,常緑,高木,30m-40m,遅い,年10cm-20cm程度,"日本固有の常緑針葉樹で、「1科1属1種」の珍しい分類。
肉厚な線形の葉は2枚が合着した特殊な形態。
耐水性に優れ、風呂桶などの食料品器具に利用される。
「世界三大庭園樹」の一つ。","美しい樹形が魅力的。
長寿な樹木。",観賞価値が低い,3月-5月,"雄花は枝先に20-30個、雌花は1-2個つく。
目立たない。",観賞価値が低い（食用不可）,翌年の10月-11月,"マツボックリのような実（球果）。
褐色に熟す。","肉厚な線形で、長さ6-13cm、幅3-4mm。
2枚の葉が合着した特殊な形態。","赤褐色で薄く、縦に細長く裂けて剥がれる。
",12月-2月,特になし,"自然樹形を活かす。
剪定は不要な枝の整理程度。
強剪定は避ける。",非推奨,つきにくい,"特になし。
病害虫は少ない。",強い,強い,普通,普通,酸性土壌を好む。
ココスヤシ,ヤシ科・ブティア属,常緑,高木,10m以上,遅い,年10cm-20cm程度,"シルバーブルーの葉が特徴的なヤシの木。
ヤシの木の中では耐寒性が非常に高い。
日当たりが良い場所を好むが、耐陰性もある。
成長は比較的ゆっくり。","南国風の見た目で、リゾートガーデンのシンボルツリーに最適。
",観賞価値が高い,5月-6月,"クリーム色の小さな花。
目立たない。",観賞価値が高い（食用可）,秋,"熟すと甘い香りがする実。
マンゴーに似た味がすると言われる。","シルバーブルーがかった細長い葉。
","太く、下葉を剪定することでワイルドな幹が際立つ。
",通年（真夏・真冬を除く）,真夏、真冬,"自然樹形を活かす。
不要な葉や枯れた葉を剪定。
",非推奨,つきにくい,"特になし。
まれにカイガラムシ。",強い,強い,普通,普通,-7℃から-8℃程度まで耐える。
コデマリ,バラ科・シモツケ属,落葉,低木,1m-1.5m,普通,年20cm-30cm程度,"地際から細くて長い枝を弓なりに多数伸ばす。
4月中旬-5月中旬に手毬のような白い花を咲かせる。
暑さや寒さに強く、育てやすい。
葉は菱形に近い楕円形で、秋には紅葉する。","手毬のような花が可憐で美しい。
満開時には枝葉を覆い尽くすほど見事。",観賞価値が高い,4月中旬-5月中旬,"花径1cm以下の白い5弁花。
集まってドーム状の花序を形成する。",観賞価値が低い（食用不可）,夏,"小さな実がつくが、目立たない。
","菱形に近い楕円形。
葉の上半分には細かいギザギザがある。","主幹がなく、地際から細くて長い枝を弓なりに多数伸ばす。
",花後すぐ（5月下旬-6月上旬）,特になし,"花後すぐに剪定し、翌年の花芽を確保。
不要な枝や混み合った枝を間引く。
強剪定は避ける。",可,つきにくい,"特になし。
まれにアブラムシやうどんこ病。",強い,強い,普通,普通,特になし
コブシ,モクレン科・モクレン属,落葉,高木,5m-18m,普通,年20cm-40cm程度,"早春に葉が展開する前に白い大きな花を咲かせる。
花は芳香があり、春の訪れを告げる。
果実は握りこぶしのような形。
つぼみは生薬「辛夷」として利用される。","春一番に咲く白い花が美しい。
独特の形の実が特徴的。",観賞価値が高い,3月-4月,"芳香のある白い大きな花。
花弁は6枚で、基部は紅色を帯びることがある。",観賞価値が低い（食用不可）,9月-10月,"多数の果実が癒合して、ごつごつとした集合果。
熟すと果皮が裂開し、赤い種子が現れる。","歪んだ卵形で、先端が凸状に飛び出す。
葉を揉むとレモンのような香りがする。","灰白色で滑らか。
",12月-2月,特になし,"自然樹形を活かす。
不要な枝や混み合った枝を間引く。
強剪定は避ける。",非推奨,つきにくい,"特になし。
病害虫は少ない。",強い,強い,普通,普通,特になし
ゴヨウマツ,マツ科・マツ属,常緑,高木,20m-30m（盆栽では2m-3m）,遅い,年10cm-20cm程度,"短枝に5本ずつ束になった葉を持つ。
葉は柔らかく、触れても痛くない。
成長が遅く、狭い庭園や盆栽に適する。
幹や枝が柔軟で、様々な樹形に仕立てられる。","独特の葉の付き方が魅力的。
長寿や繁栄の象徴として親しまれる。",観賞価値が低い,5月-6月,"目立たない。
雌雄同株。",観賞価値が低い（食用不可）,翌年の秋,"マツボックリのような実（球果）。
","1つの葉の付け根から5本の葉が出る。
長さ3-6cm程度の線形で、柔らかい。","暗灰色-赤褐色で、老木では浅く割れて薄く剥がれる。
",12月-2月,特になし,"自然樹形を活かす。
不要な枝や混み合った枝を間引く。
針金かけにも強く、様々な樹形に仕立てられる。",推奨,つきにくい,"特になし。
病害虫は少ない。",強い,強い,普通,普通,酸性土壌を好む。
コンフューサ,メギ科・ヒイラギナンテン属,常緑,低木,1m-2m,遅い,年10cm-20cm程度,"細長くスタイリッシュな葉が特徴。
葉の縁にギザギザがあるが、触れても柔らかい。
秋から冬にかけて黄色い房状の花を咲かせる。
日陰や病害虫に強く、手入れが比較的簡単.","スタイリッシュな葉と、冬に咲く花が魅力的。
和洋どちらの庭にも馴染みやすい.",観賞価値あり,10月-12月,"黄色い房状の花。
",観賞価値が低い（食用不可）,翌年の4月-5月,"ブルーベリーのような黒紫色の実。
","細長くスタイリッシュな葉。
葉の縁にギザギザがあるが、柔らかい。
季節によって葉の色合いが変化する.","特になし。
",2月-3月,特になし,"自然樹形を活かす。
不要な枝や混み合った枝を間引く。
強剪定は避ける.",非推奨,つきにくい,"特になし。
病害虫は少ない.",強い,強い,強い,普通,特になし
サカキ,モッコク科・サカキ属,常緑,小高木,0.8m-2.0m（自然では6m-10m）,遅い,年10cm-20cm程度,"つややかで厚みのある緑色の葉を持つ。
梅雨ごろに黄白色の小さな花を咲かせる。
晩秋に黒い実をつける。
神事に用いられる植物。","一年中美しい緑を楽しめる。
神聖な木として親しまれる。",観賞価値が低い,6月-7月,"黄白色の小さな花。
下向きに咲くことが多い。",観賞価値が低い（食用不可）,10月-11月,"直径7-8mmほどの小さな黒い液果。
","つややかで厚みのある緑色の葉。
縁に鋸歯がなく、葉先が伸びる。","特になし。
",12月-2月,特になし,"自然樹形を活かす。
不要な枝や混み合った枝を間引く。
強剪定は避ける。",可,つきにくい,"特になし。
病害虫は少ない。",普通,強い,強い,普通,寒さにはやや弱い。
サクラ,バラ科・サクラ属,落葉,高木,2m-20m以上,早い,年30cm-50cm程度,"春に美しい花を咲かせる、日本の代表的な樹木。
花の色や形、花弁の数など多様な品種がある。
ソメイヨシノは淡い紅色の花が葉が出る前に枝全体に咲く。
多くの桜は、一つの冬芽から花または葉のシュートが伸びる。","春の訪れを告げる美しい花が魅力的。
日本の文化と深く結びついている。",観賞価値が高い,3月-5月,"花の色は白から濃紅色まで多彩。
花弁の数は5枚の一重咲きから350枚を超えるものまである。",観賞価値が低い（食用不可）,初夏,"小さな実がつくが、食用には向かない。
","広卵状楕円形。
先は尖り、縁には重鋸歯がある。","種類によって樹皮は異なる。
ソメイヨシノは赤褐色で灰色っぽく、短い横筋がつく。",12月-2月,開花期、新芽が伸びる時期,"自然樹形を活かす。
不要な枝や枯れ枝を剪定。
強剪定は避ける。",非推奨,普通,"ソメイヨシノは病気に弱い。
テッポウムシ、コスカシバなど。",強い,強い,普通,普通,日照を好む陽樹。
サザンカ,ツバキ科・ツバキ属,常緑,低木-高木,3m-5m,普通,年20cm-30cm程度,"秋から冬にかけて花を咲かせ、花弁が1枚ずつバラバラに散る。
葉はツバキよりも細長く小さい。
日本原産で、庭木や生垣として親しまれる。
耐寒性はツバキよりやや劣る。","冬に花を楽しめる貴重な花木。
生垣や目隠しに適する。",観賞価値が高い,10月-12月,"白、桃色、紅色、八重咲きなど多様な花色。
花弁は5枚で平開し、1枚ずつ散る。",観賞価値が低い（食用不可）,翌年の9月-10月,"果皮は3枚に裂けて開き、扁球形で暗褐色の種子を出す。
種子からは油が採れる。","長さ3-9cm、幅1-3cmの長楕円形。
葉の縁には浅いギザギザがあり、若枝や葉柄に短い毛が生える。","幹は直立し、樹高は3-5m程度。
",花後すぐ（1月-3月）,特になし,"樹形を整えるための剪定。
不要な枝や混み合った枝を間引く。
強剪定は避ける。",推奨,普通,"チャドクガ、カイガラムシ。
",普通,強い,普通,普通,特になし
サツキツツジ,ツツジ科・ツツジ属,常緑,低木,0.5m-1.5m,普通,年10cm-20cm程度,"5月下旬-6月上旬に開花し、ヤマツツジなどより約1ヶ月遅い。
多様な花色や花形、花柄がある。
日当たりがよく、増水すると水没するような川沿いの岩場などに自生。
剪定や移植に強く、丈夫で扱いやすい。","遅咲きで、梅雨時期に美しい花を楽しめる。
",観賞価値が高い,5月下旬-6月上旬,"花冠はろうと状で途中から5つに分かれる。
直径は3.5cm-5cm程度。",観賞価値が低い（食用不可）,夏,"小さな実がつくが、目立たない。
","楕円形で両端が尖り、縁には細かいギザギザがある。
両面に褐色の毛が生えている。","特になし。
",花後すぐ（6月下旬頃）,特になし,"花後すぐに剪定し、翌年の花芽を確保。
不要な枝や混み合った枝を間引く。
強剪定は避ける。",推奨,つきにくい,"特になし。
病害虫は少ない。",強い,強い,普通,普通,特になし
サトウニシキ,バラ科・サクラ属,落葉,中高木,3m-4m,普通,年40cm程度,"日本の代表的なサクランボの品種。
樹勢は旺盛で、豊産性がある。
自家不結実性のため、異なる品種を近くに植える必要がある。
東北から九州まで幅広い地域で栽培可能。","上品な甘味と程よい酸味のバランスが非常に良い。
「さくらんぼの王様」と呼ばれる。",観賞価値が低い,4月-5月,"白い小さな花。
",観賞価値が高い（食用可）,6月中旬-7月上旬,"短心臓形で、黄色の地に鮮やかな紅色が着色。
上品な甘味と程よい酸味のバランスが良い。","卵形で、縁には細かいギザギザがある。
","特になし。
",12月-2月,特になし,"自然樹形を活かす。
不要な枝や混み合った枝を間引く。
強剪定は避ける。",可,普通,"病害虫にはやや弱い。
灰星病、アブラムシなど。",強い,普通,普通,普通,特になし
サルスベリ,ミソハギ科・サルスベリ属,落葉,高木,2m-10m,早い,年30cm-50cm程度,"7月-10月にかけて、鮮やかな色の花を咲かせる。
「百日紅」の名の通り、開花期間が長い。
樹皮が滑らかで、古い樹皮が剥がれて新しい白い樹皮が現れる。
幹が光合成を行うため、剥がれた後も緑茶色に戻ることがある。","長い期間花を楽しめる。
滑らかな幹肌が特徴的。",観賞価値が高い,7月-10月,"鮮やかな赤、ピンク、紫、白などの花。
花はフリル状で、枝先に円錐形の花序を作る。",観賞価値が低い（食用不可）,秋,"小さな実がつくが、目立たない。
","丸みのある卵形。
葉先が窪むこともある。","滑らかで、古い樹皮が剥がれて新しい白い樹皮が現れる。
幹がクネクネと曲がる。",12月-2月,特になし,"自然樹形を活かす。
不要な枝や混み合った枝を間引く。
強剪定も可能。",推奨,普通,"うどんこ病。
風通しを良くすることで予防。",強い,強い,普通,強い,特になし
サワラ,ヒノキ科・ヒノキ属,常緑,高木,30m-50m,早い,年30cm-50cm程度,"幹は真っすぐに伸び、ピラミッド状の樹形。
葉は鱗片状で、先が鋭く尖り、触るとチクチクする。
葉の裏面にはX字形または蝶形の白い気孔帯がある。
材は柔らかく軽いですが、脂分が多く水に強い。","軽やかな樹形が魅力的。
多くの園芸品種がある。",観賞価値が低い,4月,"雄花は楕円形で紫褐色、雌花は球形。
目立たない。",観賞価値が低い（食用不可）,秋,"直径6-7mmほどの球果（松かさのようなもの）。
黄褐色に熟す。","鱗片状で、長さ約3mmの菱形。
先が鋭く尖り、触るとチクチクする。","赤褐色または灰褐色で、縦に薄く裂けて剥がれ落ちる。
",12月-2月,特になし,"自然樹形を活かす。
不要な枝や混み合った枝を間引く。
強剪定は避ける。",推奨,つきにくい,"特になし。
病害虫は少ない。",強い,強い,普通,普通,湿気の多い場所を好む。
サンゴジュ,レンプクソウ科・ガマズミ属,常緑,小高木-高木,5m-15m,普通,年20cm-30cm程度,"秋に赤く熟す果実がサンゴのように見える。
葉は厚く光沢があり、ビニールのような質感。
排気ガスや潮風、大気汚染に強く、環境適応力が高い。
葉や枝に水分を多く含むため燃えにくい。","サンゴのような赤い実が魅力的。
防火樹としても利用される。",観賞価値が低い,6月,"枝先に円錐花序を出し、白い小花を多数咲かせる。
",観賞価値が高い（食用不可）,8月-10月,"楕円形の果実が赤く熟し、完熟すると黒紫色になる。
","長さ6-18cmの長楕円形。
厚く光沢があり、ビニールのような質感。","特になし。
",12月-2月,特になし,"自然樹形を活かす。
不要な枝や混み合った枝を間引く。
強剪定は避ける。",推奨,つきやすい,"サンゴジュハムシ。
",強い,強い,強い,強い,耐火性、耐風性、耐潮性、耐煙性。
サンシュユ,ミズキ科・ミズキ属,落葉,小高木,5m-15m,普通,年20cm-40cm程度,"早春に葉が出る前に鮮やかな黄色の小花を多数咲かせる。
秋には鮮やかな赤い果実をつけ、食用にもなる。
漢方では「山茱萸」として利用される。
樹皮が鱗片状に剥がれてまだら模様になる。","春の訪れを告げる黄色い花が美しい。
食用となる赤い実が魅力的。",観賞価値が高い,3月-4月,"鮮やかな黄色の小花。
20-30輪の小花が半球状に集まって咲く。",観賞価値が高い（食用可）,9月-11月,"直径1-2cmの扁平球状の鮮やかな赤い果実。
グミに似た実。","楕円形で縁にギザギザがない。
秋には黄褐色に紅葉する。","成木の幹は褐色で、樹皮が鱗片状に剥がれてまだら模様になる。
",12月-2月,特になし,"自然樹形を活かす。
不要な枝や混み合った枝を間引く。
強剪定は避ける。",非推奨,つきにくい,"特になし。
病害虫は少ない。",強い,強い,普通,普通,特になし
サンショウ,ミカン科・サンショウ属,落葉,低木,2m-4m,普通,年20cm-30cm程度,"枝や葉柄の基部にトゲがある。
葉を揉むと強い芳香がある。
春に黄緑色の小さな花を多数つける。
秋に赤褐色の実をつけ、裂開して黒い種子を出す。","若葉や果皮は香辛料として利用される。
独特の香りが魅力的。",観賞価値が低い,4月-5月,"黄緑色の小さな花。
",観賞価値が高い（食用可）,秋,"赤褐色に熟し、裂開して光沢のある黒色の種子を出す。
","奇数羽状複葉で互生し、小葉は5-9対。
葉を揉むと強い芳香がある。","幹が太くなると、コルク質が発達し、凹凸のある樹皮になる。
枝や葉柄の基部にはトゲがある。",12月-2月,特になし,"自然樹形を活かす。
不要な枝や混み合った枝を間引く。
強剪定は避ける。",非推奨,普通,"アゲハチョウ類の幼虫。
",強い,普通,普通,やや弱い,湿潤な場所を好む。
ジューンベリー,バラ科・ザイフリボク属,落葉,小高木,2m-3m,普通,年20cm-30cm程度,"春に白い花、初夏に赤い実、秋には美しい紅葉と四季を楽しめる。
6月には宝石のように赤く可愛らしい実をつけ、食用になる。
1本でも実がなる。
暑さ、寒さに強く、病害虫も比較的少ない。","花、実、紅葉と四季を通じて楽しめる。
シンボルツリーとして人気。",観賞価値が高い,4月-5月,"鈴なりの白い花。
",観賞価値が高い（食用可）,6月,"赤から黒紫に変化する。
甘みがあり生食も可能。","楕円形。
秋には深紅に美しく紅葉する。","すっきりとした樹姿。
",12月-2月,特になし,"自然樹形を活かす。
不要な枝や混み合った枝を間引く。
強剪定は避ける。",可,つきにくい,"特になし。
病害虫は少ない。",強い,強い,普通,やや弱い,特になし
シキミ,シキミ科・シキミ属,常緑,小高木-高木,2m-8m,遅い,年10cm-20cm程度,"葉を傷つけると甘い芳香がする。
3月-4月に淡黄白色の花を咲かせる。
秋から冬にかけて星形の集合果をつける。
全草に強い毒性がある。","独特の葉の香りが特徴。
",観賞価値が低い,3月-4月,"淡黄白色の小さな花。
花弁と萼片の区別がつきにくい。",観賞価値が低い（食用不可、有毒）,秋-冬,"8個の袋果が星形に並んだ集合果。
熟すと裂開し、黄色の種子を出す。","長さ5-10cmの長楕円形。
厚くつやのある革質で、枝先に集まって互生する。","幹は直立する。
",12月-2月,特になし,"自然樹形を活かす。
不要な枝や混み合った枝を間引く。
強剪定は避ける。",非推奨,つきにくい,"特になし。
病害虫は少ない。",普通,普通,普通,普通,特になし
シダレザクラ,バラ科・サクラ属,落葉,高木,5m-15m,普通,年20cm-40cm程度,"枝が柔らかく垂れ下がる優美な樹形。
3月下旬-4月上旬に花を咲かせ、ソメイヨシノよりやや早い。
花は白、薄紅色から濃いピンクまで多様な品種がある。
寿命が長く、樹齢1000年を超える巨木も存在する。","枝垂れる姿と花が降ってくるような美しさが魅力的。
",観賞価値が高い,3月下旬-4月上旬,"花の大きさはソメイヨシノよりもやや小ぶり。
花弁は5枚で先端が二つに分かれる。",観賞価値が低い（食用不可）,初夏,"小さな実がつくが、食用には向かない。
","細長い楕円形で、両端が尖り、縁には細かいギザギザがある。
葉は花が終わってから展開する。","灰色がかった褐色で、縦方向に不揃いな浅い割れ目がある。
",12月-2月,特になし,"太い枝を切ると長期間花が咲かなくなることがあるため、混み合った枝や暴れている枝を整理する程度。
剪定は冬に行い、不要な細枝を切る。",非推奨,普通,"特になし。
病害虫は少ない。",強い,強い,普通,普通,乾燥を嫌う。
シダレヤナギ,ヤナギ科・ヤナギ属,落葉,高木,15m-25m,早い,年50cm-100cm程度,"細くしなやかな枝が長く垂れ下がる。
葉は細長い形で、縁に細かい鋸歯がある。
成長が非常に早く、湿り気のある日当たりの良い土地を好む。
雌雄異株で、日本では雄株が多い。","優美な樹形が水辺の景観を美しく演出する。
",観賞価値が低い,3月-4月,"黄緑色の小さな花が穂状に密について咲く。
花穂は上に向かって曲がる。",観賞価値が低い（食用不可）,5月頃,"卵形の果実（?果）で、熟すと裂けて白い綿毛に包まれた種子を出す。
","長さ8-13cm、幅1-2cmほどの細長い形（狭卵形から線状披針形）。
先端はとがり、縁には細かい鋸歯（ギザギザ）がある。","灰褐色で、樹齢を重ねると縦に裂け目が生じる。
",12月-2月,特になし,"自然樹形を活かす。
不要な枝や混み合った枝を間引く。
強剪定は避ける。",非推奨,つきにくい,"特になし。
病害虫は少ない。",強い,強い,普通,普通,湿潤な場所を好む。
シマトネリコ,モクセイ科・トネリコ属,常緑-半常緑,高木,5m-10m,早い,年50cm-100cm程度,"緑色の小さな葉と細く軽やかな枝が特徴。
成長が非常に早く、定期的な剪定が必要。
暑さに強く、病害虫にも比較的強い。
寒さにはやや弱いが、暖地では屋外で冬越し可能。","涼しげな樹形がおしゃれで、シンボルツリーとして人気。
",観賞価値が低い,5月下旬-7月,"香りのある小さな白い花が房のように咲く。
あまり目立たない。",観賞価値が低い（食用不可）,8月-10月,"へら状の果実が多数つき、秋には種を収穫できる。
","小さく艶のある葉で、奇数羽状複葉。
新芽は淡い緑色で、後に濃い緑色に変わる。","株立ちと単幹の仕立て方がある。
",通年（真夏・真冬を除く）,真夏、真冬,"成長が早いため、年に2-3回の剪定で樹形を維持。
不要な枝や混み合った枝を間引く。
強剪定も可能。",推奨,つきにくい,"特になし。
病害虫は少ない。",普通,強い,普通,普通,根が強靭なため、ライフラインの近くへの植栽は注意。
シモツケ,バラ科・シモツケ属,落葉,低木,0.5m-1.5m,普通,年10cm-20cm程度,"地際からたくさんの枝を出す株立ち。
5月-8月頃に、枝先に小さな花が多数集まって咲く。
暑さや寒さに強く、丈夫で育てやすい。
葉の縁には細かいギザギザ（鋸歯）がある。","ふんわりとした花が可憐で美しい。
樹高が低く、様々な場所に利用できる。",観賞価値が高い,5月-8月,"小さな花（直径3-6mm）が多数集まって、ふんわりとした丸い形や半球状の複散房花序を形成。
花色は赤、紫、ピンク、白など多様。",観賞価値が低い（食用不可）,秋,"小さな実がつくが、目立たない。
","楕円形-広卵形。
葉の縁には細かいギザギザ（鋸歯）がある。","地際からたくさんの枝を出す株立ち。
",12月-2月,特になし,"自然樹形を活かす。
不要な枝や混み合った枝を間引く。
強剪定は避ける。",推奨,つきにくい,"特になし。
病害虫は少ない。",強い,強い,普通,普通,特になし
シャクナゲ,ツツジ科・ツツジ属,常緑,低木-小高木,0.5m-5m,遅い,年10cm-20cm程度,"""花木の女王""と呼ばれる豪華な花を咲かせる。
葉は革質で光沢があり、厚みのある細長い葉。
葉、茎、花、蜜に有毒物質が含まれる。
本来は高山植物で、半日陰で風通しの良い場所を好む。","豪華で美しい花が魅力的。
",観賞価値が高い,4月下旬-5月中旬,"ツツジを大きくしたようなラッパ形の花。
枝先に数輪から十数輪まとまって咲き、くす玉状になる。
花色は白、赤、ピンク、オレンジ、黄、紫、茶など非常に多彩。",観賞価値が低い（食用不可、有毒）,夏,"小さな実がつくが、目立たない。
","革質で光沢があり、厚みのある細長い葉。
気温が低くなると葉の縁が丸まって垂れ下がる。","特になし。
",花後すぐ（6月頃）,特になし,"自然樹形を活かす。
不要な枝や混み合った枝を間引く。
強剪定は避ける。",非推奨,つきにくい,"特になし。
病害虫は少ない。",強い,普通,普通,普通,酸性土壌を好む。
シャラノキ,ツバキ科・ナツツバキ属,落葉,高木,10m-15m,普通,年20cm-30cm程度,"初夏にツバキに似た白い花を咲かせる。
花は一日花で、夕方にはぽとりと落ちる。
樹皮は古くなると薄く剥がれ落ち、まだら模様になる。
日当たりと風通しの良い場所を好むが、強すぎる直射日光や乾燥は苦手。","一日花の「はかない美しさ」が魅力的。
まだら模様の幹肌も観賞価値が高い。",観賞価値が高い,6月,"ツバキによく似た白い花。
花径5-7cm程度で、花芯部が黄色いものが多い。",観賞価値が低い（食用不可）,秋,"小さな実がつくが、目立たない。
","卵型の明るい黄緑色。
表面に深いしわ（葉脈の筋）が見られる。","灰褐色で滑らかだが、古くなると薄く剥がれ落ち、まだら模様になる。
",12月-2月,特になし,"自然樹形を活かす。
不要な枝や混み合った枝を間引く。
強剪定は避ける。",非推奨,普通,"チャドクガ、灰色かび病、葉枯病。
",強い,普通,普通,やや弱い,特になし
シャリンバイ,バラ科・シャリンバイ属,常緑,低木-小高木,1m-4m,遅い,年10cm-20cm程度,"枝先に車輪状に葉がつき、梅に似た白い花を咲かせる。
厚みがあり光沢のある濃い緑色の葉。
秋に黒紫色の実をつけるが、食用には適さない。
大気汚染や潮風、暑さに非常に強く、丈夫。","車輪状の葉と白い花が特徴的。
丈夫で育てやすい。",観賞価値が低い,5月-6月,"直径1-1.5cmほどの白い5弁花。
枝先に集まって咲き、ほのかな甘い香りがある。",観賞価値が低い（食用不可）,10月-11月,"球形の果実ができ、黒紫色に熟す。
渋みがあり食用には適さない。","厚みがあり光沢のある濃い緑色で、長楕円形。
枝から互い違いに生えるが、車輪状に見える。","特になし。
",12月-2月,特になし,"自然樹形を活かす。
不要な枝や混み合った枝を間引く。
刈り込みにも耐える。",推奨,つきにくい,"特になし。
病害虫は少ない。",強い,強い,普通,強い,潮風に強い。
シュロ,ヤシ科・シュロ属,常緑,高木,3m-7m,早い,年30cm-50cm程度,"幹は直立して枝分かれせず、枯れた葉の葉柄と繊維状の葉鞘で覆われる。
葉はうちわのような扇状円形で、幹の先端に集中して密生する。
ヤシの仲間としては比較的寒さに強い。
暑さや乾燥、湿気にも強く、土質も選ばない。","南国風の景観を演出する。
強靭な繊維は生活用品の材料として利用される。",観賞価値が低い,5月-6月,"淡黄色の小さな花が円錐花序を垂らす。
雌雄異株。",観賞価値が低い（食用不可）,秋,"丸い果実が青みがかった灰色から黒色に熟す。
鳥に人気がある。","うちわのような扇状円形。
葉柄の縁には鋭いとげがある。","直立して枝分かれせず、枯れた葉の葉柄と繊維状の葉鞘で密に覆われる。
",通年（真夏・真冬を除く）,真夏、真冬,"自然樹形を活かす。
不要な葉や枯れた葉を剪定。
",非推奨,つきにくい,"特になし。
病害虫は少ない。",強い,強い,普通,強い,耐潮性がある。
シラカシ,ブナ科・コナラ属,常緑,高木,10m-20m,普通,年20cm-30cm程度,"葉は革質で厚みがあり、濃い緑色で光沢がある。
葉の縁の上半分には鋸歯がある。
耐寒性が強く、多少の日陰にも耐える。
萌芽力が強く、剪定によく耐える。","一年中緑を楽しめる。
生垣や防風林、防火樹として利用される。",観賞価値が低い,4月-5月,"雄花は尾状花序で下がり、雌花は枝の先に数個上向きにつく。
目立たない。",観賞価値が低い（食用不可）,10月-11月,"紡錘形で光沢があり、成熟するとこげ茶色になるどんぐり。
","長さ4-13cmの長楕円形から狭長楕円形。
革質で厚みがあり、裏面は白っぽい薄い緑色。","緑色を帯びた黒色や暗灰色で、表面はなめらか。
皮目が縦に並び、次第にざらついてくる。",6月-8月、または11月-12月,特になし,"刈り込みに強く、大胆に刈り込んでも枝枯れしにくい。
生垣や玉づくりに。
",推奨,つきにくい,"特になし。
病害虫は少ない。",強い,強い,普通,普通,土壌を選ばない。
シラカバ,カバノキ科・カバノキ属,落葉,高木,10m-25m,早い,年30cm-50cm程度,"白い樹皮が特徴で、「白い樹皮のカバの木」が名前の由来。
丸みのある三角形の葉で、縁には不規則なギザギザがある。
日当たりの良い冷涼な気候を好む。
成長が早く、寿命は比較的短い。","白い幹が美しく、景観のアクセントになる。
",観賞価値が低い,4月-5月,"黄褐色の雄花と緑色の雌花。
雄花は垂れ下がり、雌花は立ち上がる。",観賞価値が低い（食用不可）,秋,"小さな実がつくが、目立たない。
","丸みのある三角形で、縁には不規則なギザギザがある。
","白い樹皮が特徴。
幼木のうちは白くないが、成長すると白くなる。",12月-2月,特になし,"自然樹形を活かす。
不要な枝や混み合った枝を間引く。
強剪定は避ける。",非推奨,つきにくい,"特になし。
病害虫は少ない。",普通,弱い（高温多湿に弱い）,普通,普通,特になし
シルバープリペット,モクセイ科・イボタノキ属,常緑-半落葉,低木,1m-3m,早い,年30cm-50cm程度,"白い斑入りの葉が特徴で、遠目には銀色に見える。
5月-6月頃に甘い香りのする白い小花を咲かせる。
成長が非常に早く、定期的な剪定が必要。
夏の暑さや冬の寒さに強く、育てやすい。","斑入りの葉が明るく人目を引く。
生垣やアクセントツリーに適する。",観賞価値が低い,5月-6月,"甘い香りのする0.5cmほどの白い小花。
稲穂のように咲く。",観賞価値が低い（食用不可）,10月頃,"黒く小さな実を房状にたくさんつける。
","白い斑入りの葉。
品種によっては黄色の斑点を持つものや、斑点のない緑色の葉を持つものもある。","華奢な枝を放射状に広げる。
",通年（真夏・真冬を除く）,真夏、真冬,"成長が早いため、年に2-3回の剪定で樹形を維持。
強い刈り込みや剪定に耐える。
",推奨,つきにくい,"ハマキムシ、蛾の幼虫、うどんこ病。
",強い,強い,普通,強い,特になし
ジンチョウゲ,ジンチョウゲ科・ジンチョウゲ属,常緑,低木,0.5m-1.5m,遅い,年10cm-20cm程度,"非常に強い芳香を放ち、「千里花」とも呼ばれる。
2月-4月にかけて、枝先に小さな花を密集させて咲かせる。
花弁のように見える部分は萼が変化したもの。
植物全体に毒性がある。","甘く強い香りが魅力的。
春の訪れを告げる花として親しまれる。",観賞価値が高い,2月-4月,"外側が紅紫色、内側が純白の肉厚な花。
枝先に小さな花を密集させて咲かせる。",観賞価値が低い（食用不可、有毒）,夏,"小さな実がつくが、目立たない。
","濃い緑色の厚い革質の葉。
光沢があり、枝先に集まってつく。","株元からよく分枝し、自然に丸い樹形にまとまる。
",花後すぐ（4月頃）,特になし,"自然に樹形がまとまるため、大がかりな剪定は不要。
間引き剪定が推奨される。
強剪定は枯れる原因となることがある。",非推奨,つきにくい,"特になし。
病害虫は少ない。",普通,普通,普通,普通,移植を嫌う。
スカイロケット,ヒノキ科・ビャクシン属,常緑,高木,3m-5m,普通,年30cm-40cm程度,"細く縦長のロケットのような樹形が特徴。
青緑色の針葉を持つ。
耐寒性と耐暑性に優れ、育てやすい。
梨の赤星病の中間宿主となるため、梨の栽培地では注意が必要。","スタイリッシュな樹形が魅力的。
狭い場所への植栽にも適する。",観賞価値が低い,春,"目立たない。
",観賞価値が低い（食用不可）,秋,"小さな実がつくが、目立たない。
","青緑色の針葉。
冬にはややベージュがかることがある。","特になし。
",12月-2月,特になし,"自然樹形を活かす。
不要な枝や混み合った枝を間引く。
強剪定は避ける。",非推奨,つきやすい,"梨の赤星病。
",強い,強い,普通,普通,日当たりと風通しの良い場所を好む。
スグリ,スグリ科・スグリ属,落葉,低木,0.4m-1.5m,普通,年10cm-20cm程度,"枝の節に鋭い刺がある。
葉は掌状に3-5裂し、縁には鈍い鋸歯がある。
淡い緑色を帯びた小さな花を咲かせる。
赤く熟す果実は食用になるが、酸味が強い。","食用となる果実を収穫できる。
",観賞価値が低い,5月-6月,"淡い緑色を帯びた小さな花。
",観賞価値が高い（食用可）,9月頃,"直径0.8-1.2cmの球形から楕円状球形。
赤く熟し、酸味が強い。","掌状に3-5裂し、さらに浅く裂ける。
葉の両面には軟毛や腺毛が生えるか、無毛の場合もある。","縦に裂けて剥がれる。
枝の節には、長さ0.5-2cmほどの鋭い刺が3本生えることが多い。",12月-2月,特になし,"自然樹形を活かす。
不要な枝や混み合った枝を間引く。
強剪定は避ける。",非推奨,普通,"うどんこ病、カイガラムシ。
",強い,普通,普通,普通,冷涼な気候を好む。
スダジイ,ブナ科・シイ属,常緑,高木,20m-30m,普通,年20cm-30cm程度,"暖地の照葉樹林を代表する常緑広葉樹。
葉の裏面には淡い褐色の鱗状の毛が密生し、鈍い金色や灰褐色の光沢がある。
5月-6月頃に花を咲かせ、秋には食用となるドングリをつける。
寿命が長く、各地で巨木が見られる。","食用となるドングリを収穫できる。
",観賞価値が低い,5月-6月,"多数の雄しべが垂れて咲き、強く香る。
雌しべは枝先に立ち上がるが、目立たない。",観賞価値が高い（食用可）,翌年の10月-11月,"直径1.2-2cmほどの卵状長楕円形。
渋みが少なく、生でも食べられる。","長さ5-15cm程度の広楕円形。
葉質は革質で厚く、葉縁の上半分に鋭い鋸歯があるものと全縁の葉が混在。","黒褐色で直立し、成長すると縦の切れ目が入る。
",12月-2月,特になし,"自然樹形を活かす。
不要な枝や混み合った枝を間引く。
強剪定は避ける。",非推奨,つきにくい,"特になし。
病害虫は少ない。",強い,強い,普通,普通,酸性土壌を好む。
スモモ,バラ科・サクラ属,落葉,小高木,5m-8m,普通,年20cm-30cm程度,"枝はよく分岐し、横に広がる。
4月-5月に葉が出る前に白い花を咲かせる。
6月-9月に黄色から紅紫色、または緑色の果実が熟す。
多くの品種は自家受粉しにくいため、別の品種を近くに植える必要がある。","食用となる果実を収穫できる。
",観賞価値が低い,4月-5月,"直径1.5-2cmで、花弁は5枚。
白い花が一般的だが、淡いピンク色の花を咲かせる品種もある。",観賞価値が高い（食用可）,6月-9月,"直径3.5-5cmほどの球形から卵形、円錐形。
表面は無毛で、白い粉状のブルームがつくことがある。","長さ5-14cmの長楕円形または倒披針形。
縁には細かい鋸歯がある。","灰暗褐色で、成木では縦に割れることがある。
",11月-3月,特になし,"自然樹形を活かす。
不要な枝や混み合った枝を間引く。
強剪定は避ける。",可,普通,"黒斑病、灰星病、チョッキリ、アブラムシ。
",強い,普通,普通,やや弱い,日当たりを好む陽樹。
セイシカ,ツツジ科・ツツジ属,常緑,小高木,2m-5m,遅い,年10cm-20cm程度,"枝先に集まって互生する革質の葉。
淡桃紫色または桃色の花を咲かせ、花冠の上側内面に紅紫色の斑点がある。
日本（石垣島、西表島）や中国、台湾に分布。
挿し木による増殖が難しいため、「幻のツツジ」と呼ばれる。","清楚で美しい花が魅力的。
",観賞価値が高い,3月-4月,"直径4-7cmの筒状鐘形または漏斗形。
5つに深く裂ける。",観賞価値が低い（食用不可）,夏,"小さな実がつくが、目立たない。
","革質で長楕円形。
両面は無毛で、若い枝や若葉はしばしば赤みを帯びる。","特になし。
",12月-2月,特になし,"自然樹形を活かす。
不要な枝や混み合った枝を間引く。
強剪定は避ける。",非推奨,つきにくい,"特になし。
病害虫は少ない。",普通,普通,普通,普通,特になし
センダン,センダン科・センダン属,落葉,高木,10m-20m,早い,年30cm-50cm程度,"扇を立てたように上に向かって広がる樹形。
5月-6月頃に淡紫色の小さな花を多数つける。
秋から冬にかけて黄色い丸い実がたくさんなる。
果実は人間が食べると毒性がある。","美しい樹形と、秋から冬にかけての実が魅力的。
",観賞価値が低い,5月-6月,"淡紫色の小さな花。
若枝の葉腋から円錐状に集まって咲く。",観賞価値が低い（食用不可、有毒）,10月-12月,"黄色い丸い実。
葉が落ちた後も枝に残ることが多い。","大型で、2-3回の羽状複葉。
小葉は卵状楕円形で、縁には不揃いな鋸歯がある。","赤褐色で、縦に粗く裂ける。
",12月-2月,特になし,"自然樹形を活かす。
不要な枝や混み合った枝を間引く。
強剪定は避ける。",非推奨,つきにくい,"特になし。
病害虫は少ない。",強い,強い,普通,普通,特になし
センリョウ,センリョウ科・センリョウ属,常緑,低木,0.5m-1.2m,遅い,年10cm-20cm程度,"根元から複数の枝を伸ばす株立ち。
葉の上に実がつくのが特徴。
11月-1月頃に赤く熟す球形の実をつける。
半日陰で、やや湿り気のある肥沃な土壌を好む。","葉の上に実がつく独特の姿が魅力的。
正月飾りとして縁起物。",観賞価値が低い,6月-7月,"黄緑色の小さな花。
花には花びらや萼がなく、花軸に雌しべと雄しべが直接つく。",観賞価値が高い（食用不可）,11月-1月,"直径0.5-0.7cmの球形。
赤く熟し、黄色い実をつける品種もある。","長さ6-15cmの長楕円形。
葉の縁には尖った粗い鋸歯がある。","根元から複数の枝を伸ばす株立ち。
",12月-2月,特になし,"自然樹形を活かす。
不要な枝や混み合った枝を間引く。
強剪定は避ける。",非推奨,つきにくい,"特になし。
病害虫は少ない。",普通,普通,普通,普通,特になし
ソテツ,ソテツ科・ソテツ属,常緑,低木-高木,1m-10m,遅い,年1cm-4cm程度,"幹の頂点に大きな葉が多数密生し、大きく反り返る。
枯れ落ちた葉の基部が幹に残るため、幹はうろこ状に覆われる。
成長は非常にゆっくりで、「生きている化石」と呼ばれる。
雌雄異株で、雄株は細長い円柱状の雄花、雌株はドーム状の雌花を形成。","南国風の独特な樹形が魅力的。
",観賞価値が低い,夏,"雄株は細長い円柱状の雄花。
雌株はドーム状の構造の雌花。",観賞価値が低い（食用不可、有毒）,秋,"赤朱色の種子（実）ができる。
","肉厚で光沢のある濃緑色。
葉先は鋭く尖っている。","枯れた葉の基部が幹に残るため、うろこ状に覆われる。
",12月-2月,特になし,"自然樹形を活かす。
不要な葉や枯れた葉を剪定。
",非推奨,つきにくい,"特になし。
病害虫は少ない。",強い,強い,普通,強い,寒さにはやや弱い。
ソメイヨシノ,バラ科・サクラ属,落葉,高木,10m-15m,早い,年30cm-50cm程度,"葉が展開する前に花が咲く。
淡い紅色の花が枝全体に咲き、豪華な印象。
日本で最も広く植えられている桜の園芸品種。
寿命は比較的短いが、適切な管理で長寿の木も存在する.","一面に広がる桜の花が美しい。
日本の春の象徴.",観賞価値が高い,3月下旬-4月上旬,"つぼみの頃はわずかにピンク色だが、開くと微淡紅色から白色に変化。
花の大きさは約4cmほどで、比較的大輪.",観賞価値が低い（食用不可）,初夏,"あまり実をつけないが、他の桜が近くにあると実ができることもある。
食用には適さない.","卵形で、先は尖り、縁には重鋸歯がある.
","灰褐色から暗灰色で滑らかだが、横長の皮目が特徴的。
老木になると縦に割れることもある.",12月-2月,開花期、新芽が伸びる時期,"自然樹形を活かす。
不要な枝や枯れ枝を剪定。
強剪定は避ける.",非推奨,普通,"雑種のため、切り口から腐朽菌が入りやすく、病気に弱い.
",強い,強い,普通,普通,日照を好む陽樹。
ソヨゴ,モチノキ科・モチノキ属,常緑,小高木,3m-5m,遅い,年10cm-20cm程度,"葉が風にそよそよと音を立てる。
濃い緑色の葉は光沢があり、縁に鋸歯がなく、少し波打つ。
雌雄異株で、実がなるのは雌株のみ。
成長が比較的緩やかで、低い樹高でも維持しやすい。","風にそよぐ葉の音が心地よい。
秋から冬にかけて赤い実が美しい。",観賞価値が低い,5月-6月,"直径5mm程度の目立たない小さな白い花。
",観賞価値が高い（食用不可）,10月-11月,"直径5-10mmほどの球形の赤い実。
小鳥に好まれる。","濃い緑色の葉は光沢があり、縁に鋸歯がなく、少し波打つ。
","単幹（一本立ち）と株立ちの両方の樹形がある。
",12月-2月,特になし,"自然樹形を活かす。
不要な枝や混み合った枝を間引く。
強剪定は避ける。",非推奨,つきにくい,"特になし。
病害虫は少ない。",強い,強い,普通,普通,特になし
タイサンボク,モクレン科・モクレン属,常緑,高木,20m以上,普通,年20cm-30cm程度,"枝が横に伸びて広円錐形の樹形になる。
肉厚で光沢のある濃緑色の葉を持ち、裏面には褐色の毛が密生。
初夏に純白で大きな花を上向きに咲かせ、芳醇な香りがする。
暑さにも寒さにも強く、丈夫。","純白の大きな花と芳醇な香りが魅力的。
風格ある樹形がシンボルツリーに適する。",観賞価値が高い,6月-7月,"純白で直径15-25cmにもなる大きな花。
芳醇な香りが特徴。",観賞価値が低い（食用不可）,秋,"小さな実がつくが、目立たない。
","長さ10-25cm、幅5-12cmほどの楕円形または長楕円形。
肉厚で表面にはツヤのある濃緑色。","灰褐色から暗灰色で、老木になると不規則に剥がれる。
",12月-2月,特になし,"自然樹形を活かす。
不要な枝や混み合った枝を間引く。
強剪定は避ける。",非推奨,つきにくい,"特になし。
病害虫は少ない。",強い,強い,普通,普通,潮風やスモッグに強い。
タチバナ,ミカン科・ミカン属,常緑,小高木,2m-6m,普通,年20cm-30cm程度,"日本に自生する唯一の野生ミカン。
葉は厚みと艶のある革質で、傷つけると爽やかな香りがする。
5月-6月頃に白色の芳香のある花を咲かせる。
10月-12月頃に黄色い実が熟すが、酸味が強く生食には向かない。","一年中緑を楽しめる。
古くから縁起の良い木として親しまれる。",観賞価値が低い,5月-6月,"白色の5弁花で芳香がある。
新しい枝の葉腋に単生または1-2輪下向きに咲く。",観賞価値が低い（食用可）,10月-12月,"球形で、直径2-3cmほど。
黄色く熟すが、酸味が強く生食には向かない。","長さ4-8cmの卵状長楕円形-卵状楕円形。
厚みと艶のある革質で、縁は全縁または浅い鋸歯がある。","若い枝は緑色で、やや扁平。
0.5-1cmほどの太く鋭い刺がある。",12月-2月,特になし,"自然樹形を活かす。
不要な枝や混み合った枝を間引く。
強剪定は避ける。",非推奨,つきにくい,"特になし。
病害虫は少ない。",強い,強い,普通,普通,特になし
タマアジサイ,アジサイ科・アジサイ属,落葉,低木,1m-2m,普通,年20cm-30cm程度,"蕾が球形で、白い総苞に包まれている。
7月-9月頃に開花し、一般的なアジサイよりも開花時期が遅い。
葉は大きく、両面に硬い毛が密生し、触るとざらざらする。
湿気の多い谷間や沢沿いなど、やや湿った場所を好む。","球形の蕾と、遅咲きの花が特徴的。
",観賞価値が高い,7月-9月,"蕾が膨らむと総苞が落ち、散房花序状の集散花序が開く。
周辺には白色から薄紫色の装飾花がつき、中央には淡紫色の両性花が多数咲く。",観賞価値が低い（食用不可）,秋,"球形の乾いた果実ができ、熟すと先端が自然に裂けて種子がこぼれる。
","楕円形または卵状楕円形で、長さ10-25cm、幅3-10cmとかなり大きい。
両面に硬い毛が密生し、触るとざらざらする。","灰白色で、成長すると薄く剥がれ落ちる。
",12月-2月,特になし,"自然樹形を活かす。
不要な枝や混み合った枝を間引く。
強剪定は避ける。",非推奨,つきにくい,"特になし。
病害虫は少ない。",強い,強い,普通,普通,特になし
タラノキ,ウコギ科・タラノキ属,落葉,低木-高木,2m-6m,早い,年20cm-60cm程度,"幹や枝に鋭いトゲが密にある。
長さ1メートルにもなる大きな2回羽状複葉。
8月-9月にかけて、枝先に淡い緑白色の小さな花を多数咲かせる。
春に萌える新芽は「タラの芽」と呼ばれ、山菜として食用にされる。","食用となる「タラの芽」が有名。
",観賞価値が低い,8月-9月,"淡い緑白色の小さな花。
多数集まって咲き、遠くからでも目立つ。",観賞価値が高い（食用可）,9月-11月,"直径約3mmの球形の果実。
黒紫色に熟す。","長さ1メートルにもなる大きな2回羽状複葉。
枝葉の数は少なく、先端に集中する。","鋭いトゲが密にある。
幹が太くなると、コルク質が発達し、凹凸のある樹皮になる。",12月-2月,特になし,"自然樹形を活かす。
不要な枝や混み合った枝を間引く。
強剪定は避ける。",非推奨,つきにくい,"特になし。
病害虫は少ない。",強い,強い,普通,やや弱い,日当たりの良い場所を好む。
チャボヒバ,ヒノキ科・ヒノキ属,常緑,高木,5m以上,遅い,年10cm-20cm程度,"扇状の枝葉が密集して生える。
葉は細かく密生した鱗片状で、年間を通じて美しい緑を保つ。
成長が遅く、剪定の手間が比較的少ない。
移植を嫌う。","扇状の枝葉が美しく、シンボルツリーや生垣に適する。
",観賞価値が低い,春,"目立たない。
",観賞価値が低い（食用不可）,秋,"小さな実がつくが、目立たない。
","扇状の枝葉が密集して生える。
葉の形がチャボの足型に似ている。","特になし。
",5月-7月、または10月-12月,特になし,"強剪定は避け、形を整える程度の軽い剪定。
刈り込みバサミで葉を切断すると見苦しくなるため、手で摘み取る。
",推奨,つきにくい,"特になし。
まれにカイガラムシやハダニ。",強い,強い,普通,普通,特になし
ツゲ,ツゲ科・ツゲ属,常緑,低木,1m-9m,遅い,年5cm-10cm程度,"成長が非常に遅く、萌芽力が強く、強い刈り込みにも耐える。
葉は革質で光沢があり、枝から対になって生じる。
材は非常に緻密で重厚で、高級な櫛や将棋の駒などに利用される。
西日本の温暖な地域に分布する日本の固有変種。","緻密な葉と、刈り込みに強い性質が魅力的。
様々な樹形に仕立てられる。",観賞価値が低い,3月-4月,"淡緑色の小さな花。
枝の先端や葉腋に数個束生する。",観賞価値が低い（食用不可）,10月,"長さ約1cmの倒卵形の?果。
","長さ1-3cm、幅0.6-1.5cmほどの革質で光沢のある葉。
葉の先端は少しくぼみ、縁にギザギザはない。","幹は直立し、樹齢を重ねると樹皮は不規則に割れて鱗状の模様になる。
",12月-2月,特になし,"刈り込みに強く、自由に形を整えられる。
生垣や玉仕立て、トピアリーに。
",推奨,つきにくい,"特になし。
病害虫は少ない。",強い,強い,普通,普通,特になし
ツタ,ブドウ科・ツタ属,落葉,つる性低木,10m以上,早い,年50cm-100cm程度,"他の木や岩肌、建物の壁などに吸盤状の巻きひげで付着し、よじ登って伸びる。
葉の形は多様で、秋には美しく紅葉する。
6月-7月頃に目立たない小さな緑色の花を咲かせ、秋には青黒い実をつける。
ある程度暗い場所でも育つ。","秋の美しい紅葉が魅力的。
壁面緑化などに利用される。",観賞価値が低い,6月-7月,"直径2-3mmの目立たない小さな緑色の花。
",観賞価値が低い（食用不可）,秋,"小さな球形の果実を鈴なりにつけ、青黒く熟し、表面に白い粉がつく。
","手のひらのような形に3-5裂するものや、切れ込みのない卵形のものなど多様。
秋には美しく紅葉する。","つる性で、吸盤状の巻きひげで付着する。
",12月-2月,特になし,"自然な生長を促す。
不要なつるや混み合ったつるを剪定。
",非推奨,つきにくい,"特になし。
病害虫は少ない。",強い,強い,強い,普通,特になし
ツツジ,ツツジ科・ツツジ属,常緑-落葉,低木-中高木,0.3m-3m,普通,年20cm-30cm程度,"ピンク、赤、白、オレンジ、黄色など、非常に多様な花色。
花は一輪または房状に咲き、花弁は5弁が基本。
暑さや寒さに強く、育てやすい。
萌芽性が強く、刈り込みにも強い。","色鮮やかで美しい花が魅力的。
生垣などにも利用される。",観賞価値が高い,4月中旬-5月中旬,"ピンク、赤、白、オレンジ、黄色など、非常に多様な花色。
花は一輪または房状に咲き、花弁は5弁が基本。",観賞価値が低い（食用不可）,夏,"小さな実がつくが、目立たない。
","葉は柔らかく、葉の裏に毛があり、ざらざらした触感を持つものが多い。
","特になし。
",花後すぐ（5月下旬-6月上旬）,特になし,"花後すぐに剪定し、翌年の花芽を確保。
不要な枝や混み合った枝を間引く。
強剪定は避ける。",推奨,普通,"ツツジグンバイ、モチツツジハマキ。
",強い,強い,普通,やや弱い,酸性の土壌を好む。
ツリバナ,ニシキギ科・ニシキギ属,落葉,低木-小高木,1m-4m,遅い,年10cm-20cm程度,"花や果実が長い柄にぶら下がるように咲き、実がなる。
5月-6月にかけて、小さな花を多数下向きに咲かせる。
9月-11月にかけて熟す果実は、熟すと果皮が5つに裂け、朱色の種子が顔を出す。
秋には紅葉し、冬の間も実が枝に残る。","花や実がぶら下がる姿が可憐で美しい。
秋の紅葉も楽しめる。",観賞価値が低い,5月-6月,"直径5-8mm程度の小さな花。
緑白色や淡い紫色で、中央にある緑色の「花盤」が特徴。",観賞価値が高い（食用不可、種子は有毒）,9月-11月,"直径1cmほどの球形。
熟すと果皮が5つに裂け、朱色の仮種皮に包まれた種子が顔を出す。","長さ3-10cmの卵形から長楕円形。
先端は尖り、縁には細かいギザギザ（鋸歯）がある。","特になし。
",12月-2月,特になし,"自然樹形を活かす。
不要な枝や混み合った枝を間引く。
強剪定は避ける。",非推奨,つきにくい,"特になし。
病害虫は少ない。",強い,強い,普通,やや弱い,適度な湿気を好む。
ツルバラ,バラ科・バラ属,常緑-落葉,つる性低木,1m-6m以上,早い,年50cm-100cm程度,"枝が長く伸び、つる状になる。
春に一度だけ開花する一季咲き性と、春以外にも何度か開花する返り咲き性がある。
花は小輪から大輪まであり、花色も豊富。
自ら絡みつく性質がないため、誘引が必要。","アーチやフェンス、パーゴラなどに誘引することで、立体的な景観を作り出す。
",観賞価値が高い,春（品種により返り咲き）,"小輪から大輪まであり、花色も白、赤、ピンク、オレンジ、黄、紫、茶、黒、複色と豊富。
品種によっては強い香りを持つものもある。",観賞価値が低い（食用不可）,夏,"小さな実がつくが、目立たない。
","品種によって葉の形は様々。
","枝が長く伸び、つる状になる。
",12月-2月,特になし,"誘引が必要。
不要な枝や混み合った枝を間引く。
強剪定は避ける。",推奨,普通,"うどんこ病、黒星病、アブラムシ、ハダニ。
",強い,強い,普通,普通,特になし
トウカエデ,ムクロジ科・カエデ属,落葉,高木,10m-20m,普通,年20cm-30cm程度,"扇を広げたような樹形。
葉は浅く3つに裂けるのが一般的。
秋には美しく紅葉し、黄色から朱色、時には鮮やかな紅色になる。
乾燥、大気汚染、潮風、病害虫に強く、丈夫で育てやすい.","美しい紅葉と新緑が魅力的。
街路樹や公園樹として広く利用される.",観賞価値が低い,4月-5月,"淡い黄色の雄花と両性花が混じった花序。
あまり目立たない.",観賞価値が低い（食用不可）,10月頃,"長さ1.5-2.5cmほどの翼果。
プロペラの羽根のような形.","長さ3-9cm、幅2-7cmほどの倒卵形。
浅く3つに裂けるのが一般的.","灰褐色で、若木では滑らかだが、樹齢を重ねると縦に剥がれる。
",12月-2月,特になし,"自然樹形を活かす。
不要な枝や混み合った枝を間引く。
強剪定は避ける.",推奨,つきにくい,"特になし。
病害虫は少ない.",強い,強い,普通,強い,特になし
ドウダンツツジ,ツツジ科・ドウダンツツジ属,落葉,低木,1m-2m,普通,年10cm-20cm程度,"4月-5月にかけて、スズランに似た壺型の白い小花を枝いっぱいに咲かせる。
秋には燃えるような真っ赤に美しく紅葉する。
耐寒性、耐暑性ともに強く、日本全国で育てることが可能。
萌芽力が強く、刈り込みにも強い。","美しい花と紅葉が魅力的。
生け垣や玉仕立てなど、様々な樹形に仕立てられる。",観賞価値が高い,4月-5月,"スズランに似た壺型の白い小花。
枝いっぱいに咲き、見応えがある。",観賞価値が低い（食用不可）,夏,"小さな実がつくが、目立たない。
","楕円形。
秋には燃えるような真っ赤に美しく紅葉する。","特になし。
",12月-2月,特になし,"樹形を整えるための剪定。
不要な枝や混み合った枝を間引く。
強剪定も可能。",推奨,つきにくい,"特になし。
病害虫は少ない。",強い,強い,普通,普通,酸性土壌を好む。
トキワマンサク,マンサク科・トキワマンサク属,常緑,低木,2m-5m,普通,年20cm-30cm程度,"年間を通して葉をつける常緑低木。
4月-5月にかけて、細長いリボンのような花を枝いっぱいに咲かせる。
病害虫に強く、丈夫で育てやすい。
密に茂るため、生垣や目隠しにも利用される.","美しい花と、年間を通して緑を楽しめるのが魅力的。
",観賞価値が高い,4月-5月,"細長いリボンのような形をした花。
白花種は白い花、ベニバナトキワマンサクは赤やピンクの花.",観賞価値が低い（食用不可）,夏,"小さな実がつくが、目立たない。
","長楕円形。
白花種は緑色の葉、ベニバナトキワマンサクには紫がかった褐色の葉や淡い緑色の葉の品種もある.","自然に育てると数本の幹が伸びて枝がまとまる。
",花後すぐ（5月下旬-6月上旬）,特になし,"樹形をコントロールしやすい。
不要な枝や混み合った枝を間引く。
強剪定も可能.",推奨,つきにくい,"特になし。
病害虫は少ない.",普通,普通,普通,普通,寒さにはやや弱い。
トサミズキ,マンサク科・トサミズキ属,落葉,低木,2m-4m,普通,年20cm-30cm程度,"3月下旬-4月にかけて、葉が芽吹く前に淡い黄色の小花が穂状に連なって垂れ下がる。
花は鐘形で、暗赤色の葯が特徴。
葉の基部はハート形で、5-7対の葉脈が目立つ。
乾燥地は苦手で、適度な湿気を好む。","独特の花姿には風情があり、切り花としても親しまれる。
",観賞価値が高い,3月下旬-4月,"淡い黄色の小花が7-10個ほど穂状に連なって下向きに垂れ下がる。
花は直径約1cmの鐘形で、暗赤色の葯が特徴。",観賞価値が低い（食用不可）,10月-11月,"長さ約1cmで、表面に星状毛が密生。
熟すと自然に二つに裂け、中から細長い楕円形の黒い種子が出てくる。","直径5-10cmほどの楕円形から卵形。
葉の基部はハート形で、5-7対の葉脈が目立つ。","幹は直立するが、細い幹が多数生じて株立ち状になる。
枝は弓なりに屈曲して育つ。",12月-2月,特になし,"自然樹形を活かす。
不要な枝や混み合った枝を間引く。
強剪定は避ける。",非推奨,つきにくい,"特になし。
病害虫は少ない。",普通,普通,普通,普通,特になし
トチノキ,ムクロジ科・トチノキ属,落葉,高木,30m以上,普通,年30cm-50cm程度,"枝を横に大きく広げ、広円形の見事な樹冠を形成する。
小葉が5-7枚集まった大きな掌状複葉。
5月-6月頃に枝先に上向きに直立する円錐状の大型の花序を多数咲かせる。
種子にはサポニンなどの毒成分を含むため、灰汁抜きが必要。","大きな葉と花が特徴的。
秋の黄葉が美しい。",観賞価値が高い,5月-6月,"白色で、基部が淡紅色を帯びる。
ほのかな甘い香りを発する。",観賞価値が高い（食用可、ただし毒抜きが必要）,秋,"球形で直径約4cm。
熟すと3つに裂け、光沢のある黒褐色の種子が出てくる。","小葉が5-7枚集まった大きな掌状複葉。
小葉1枚の長さは20-30cmにもなる。","若い木の樹皮は灰色でやや凹凸がある。
老木になると不規則な割れ目ができ、大きく剥がれる。",12月-2月,特になし,"自然樹形を活かす。
不要な枝や混み合った枝を間引く。
強剪定は避ける。",非推奨,つきにくい,"特になし。
病害虫は少ない。",強い,強い,普通,普通,湿り気のある肥沃な土壌を好む。
トネリコ,モクセイ科・トネリコ属,落葉,高木,15m,普通,年20cm-30cm程度,"小葉が複数集まって大きな羽状になる。
シマトネリコよりも葉が大きく、緑色が濃い。
4月-5月頃に花弁のない白い小さな花を多数つける。
材は緻密で弾力性があり、野球のバットなどに利用される。","美しい樹形と、木材としての実用性。
",観賞価値が低い,4月-5月,"花弁のない白い小さな花。
多数集まって咲く。",観賞価値が低い（食用不可）,10月頃,"翼のある乾いた果実が多数連なる。
","小葉が複数集まって長さ25-35cmほどの大きな羽状になる。
","若木はなめらかで明るい灰白色。
成長すると縦に裂け目や網目模様が入り、暗褐色になる。",12月-2月,特になし,"自然樹形を活かす。
不要な枝や混み合った枝を間引く。
強剪定は避ける。",非推奨,つきにくい,"特になし。
病害虫は少ない。",強い,強い,普通,普通,湿った場所を好む。
ナシ,バラ科・ナシ属,落葉,高木,5m-6m,早い,年30cm-50cm程度,"4月頃に5枚の白い花弁からなる花を咲かせる。
8月下旬-11月頃にかけて、黄褐色または黄緑色の球形の果実がなる。
シャリシャリとした独特の食感と、甘く果汁が多い果肉が特徴。
自家不結実性のため、異なる品種の花が近くにあるか、人工受粉が必要。","食用となる果実を収穫できる。
",観賞価値が低い,4月,"5枚の白い花弁からなる花。
雄しべの先端は赤くなる。",観賞価値が高い（食用可）,8月下旬-11月,"黄褐色または黄緑色でリンゴに似た球形。
シャリシャリとした独特の食感。","長さ7-17cmの卵状楕円形。
縁には細かい鋸歯がある。","灰柴黒色で、縦に裂ける傾向がある。
",12月-2月,特になし,"自然樹形を活かす。
不要な枝や混み合った枝を間引く。
強剪定は避ける。",可,普通,"黒斑病、黒星病、赤星病、シンクイムシ類、アブラムシ類、カメムシ。
",強い,強い,普通,普通,特になし
ナツツバキ,ツバキ科・ナツツバキ属,落葉,高木,10m-15m,普通,年20cm-30cm程度,"夏にツバキに似た白い花を咲かせる。
花は一日花で、夕方には散ってしまう。
樹皮は成長するとまだらに剥がれて美しい模様になる。
強い日差しや乾燥は苦手で、半日陰を好む。","一日花の「はかない美しさ」が魅力的。
美しい幹肌も観賞価値が高い。",観賞価値が高い,6月-7月,"ツバキの花に似た白色の5弁花。
花径5-6cmと比較的大きく、楚々とした雰囲気。",観賞価値が低い（食用不可）,秋,"小さな実がつくが、目立たない。
","卵形から楕円形でやや厚く、表面に深いしわがある。
秋には紅葉する。","幹は美しくグレーがかっており、成長すると樹皮がまだらに剥がれて桃色、茶色、灰色などが入り混じった模様になる。
",12月-2月,特になし,"自然樹形を活かす。
不要な枝や混み合った枝を間引く。
強剪定は避ける。",非推奨,普通,"チャドクガ、灰色かび病、葉枯病。
",強い,普通,普通,やや弱い,特になし
ナツハゼ,ツツジ科・スノキ属,落葉,低木,1m-3m,遅い,年10cm-20cm程度,"初夏に新葉が赤みを帯び、秋には鮮やかな赤色に紅葉する。
5月-6月に赤みを帯びた黄緑色の鐘形の花を下向きにつける。
秋には黒色の球形の実をつけ、食用になる。
成長は遅く、あまり大きくならない。","美しい紅葉と、食用となる実が魅力的。
",観賞価値が高い,5月-6月,"赤みを帯びた黄緑色の鐘形。
長さ4-5mmと小さく、連なって咲く。",観賞価値が高い（食用可）,8月-10月,"直径7-8mmになる球形の液果。
黒色に熟し、甘酸っぱく生食が可能。","卵状楕円形。
葉の両面に粗い毛がまばらに生えてざらつく。","灰褐色で縦に裂け、薄い縦長の裂片となって剥がれ落ちる。
",12月-2月,特になし,"自然樹形を活かす。
不要な枝や混み合った枝を間引く。
強剪定は避ける。",非推奨,つきにくい,"特になし。
病害虫は少ない。",強い,強い,普通,やや弱い,冷涼な気候を好む。
ナツミカン,ミカン科・ミカン属,常緑,低木,3m-6m,普通,年20cm-30cm程度,"日本原産の栽培品種。
5月-6月頃に白色の芳香のある花を咲かせる。
晩秋に黄色く熟すが、酸味が強いため、樹上で越冬させ、翌年の春-夏に収穫する。
自家受粉するため、人工授粉の必要はない。","食用となる果実を収穫できる。
",観賞価値が低い,5月-6月,"直径約3cmの白色の5弁花。
芳香がある。",観賞価値が高い（食用可）,翌年の春-夏（4月-6月）,"直径約11-12cmの扁球形。
果皮は厚くて凹凸が多く、表面はザラザラしている。","長さ9-11cm、幅4-7cmの披針状楕円形。
革質でやや厚く、表面は濃緑色で無数の油点がある。","黒褐色でややざらついている。
若い枝は緑色でやや扁平、稜があり、葉腋から短い棘が出ることもある。",12月-2月,特になし,"自然樹形を活かす。
不要な枝や混み合った枝を間引く。
強剪定は避ける。",可,つきにくい,"カイガラムシ。
",強い,強い,普通,普通,特になし
ナツメ,クロウメモドキ科・ナツメ属,落葉,小高木,3m-10m,普通,年20cm-30cm程度,"枝に刺があるものとないものがある。
葉は卵形から卵状楕円形で、3本の葉脈が目立つ。
6月-7月頃に黄緑色の小さな花を咲かせる。
9月-10月頃に赤褐色から暗赤色の果実が熟し、食用になる。","食用となる果実を収穫できる。
",観賞価値が低い,6月-7月,"黄緑色の5弁花。
葉腋に数個つける。",観賞価値が高い（食用可）,9月-10月,"長さ1.5-2.5cmの球形から長楕円形。
熟すと赤褐色から暗赤色に色づく。","長さ2-7cmの卵形から卵状楕円形。
葉の表面は濃緑色で光沢があり、3本の葉脈が目立つ。","褐色から灰褐色で、縦に不規則な割れ目が入る。
若い枝は緑色で垂れ下がる。",12月-2月,特になし,"自然樹形を活かす。
不要な枝や混み合った枝を間引く。
強剪定は避ける。",可,つきにくい,"特になし。
病害虫は少ない。",強い,強い,普通,強い,日当たりを好む。
ナナカマド,バラ科・ナナカマド属,落葉,小高木-高木,6m-15m,普通,年20cm-30cm程度,"秋には葉が鮮やかに赤く染まり、赤い果実をつける。
初夏に小さな白い花を多数集めて咲かせる。
材は硬く、燃えにくい。
冷涼な地を好む。","美しい紅葉と赤い実が魅力的。
街路樹や公園樹として利用される。",観賞価値が低い,5月-7月,"直径5-11mmほどの小さな白い花。
多数集まって咲く。",観賞価値が高い（食用可）,9月-10月,"直径5-8mmの球形のナシ状果。
赤く熟し、葉が落ちた後も枝に残る。","奇数羽状複葉で、9-19枚の小葉から構成される。
小葉の縁には鋸歯がある。","若木では暗灰褐色で楕円形の皮目が顕著。
成木では暗灰色で浅く裂ける。",12月-2月,特になし,"自然樹形を活かす。
不要な枝や混み合った枝を間引く。
強剪定は避ける。",非推奨,つきにくい,"特になし。
病害虫は少ない。",強い,普通,普通,普通,特になし
ナンキンハゼ,トウダイグサ科・ナンキンハゼ属,落葉,高木,10m-15m,早い,年30cm-50cm程度,"秋にはオレンジから紫、赤など様々な色に美しく紅葉する。
初夏に黄緑色の小さな花を多数つける。
秋に白いロウ質に包まれた種子（白い実）が3個現れる。
非常に丈夫で成長が早く、街路樹や公園樹として広く植栽される。","秋の美しい紅葉と、冬に残る白い実が魅力的。
",観賞価値が高い,6月-7月,"黄緑色の小さな花。
枝先に総状花序を出し、多数つける。",観賞価値が低い（食用不可、種子は有毒）,秋,"白いロウ質に包まれた種子（白い実）が3個現れる。
落葉後も枝に残ることが多い。","菱形状広卵形（ハート型に近い）で、先端が尾状に長く尖る。
葉の基部には2個の腺点がある。","灰褐色で、不規則に縦に裂ける。
",12月-2月,特になし,"自然樹形を活かす。
不要な枝や混み合った枝を間引く。
強剪定は避ける。",推奨,つきにくい,"特になし。
病害虫は少ない。",強い,強い,普通,普通,潮風に強い。
ナンテン,メギ科・ナンテン属,常緑,低木,1m-3m,遅い,年10cm-20cm程度,"幹は株立ち状に伸び、先端に葉が集まってつく。
葉は3回3出羽状複葉で、光沢のある濃い緑色。
6月-7月頃に白い小さな花を多数咲かせる。
晩秋から冬にかけて熟す赤い実が特徴的。","「難を転ずる」という語呂合わせから縁起の良い木とされる。
冬の庭を彩る赤い実が美しい。",観賞価値が低い,6月-7月,"白い小さな花。
多数咲かせる。",観賞価値が高い（食用可）,晩秋-冬,"直径6-7mmの球形の赤い実。
翌年の2月-3月頃まで残ることが多い。","3回3出羽状複葉で、小葉は光沢のある濃い緑色。
冬には葉の一部が赤く紅葉する。","幹は株立ち状に伸び、先端に葉が集まってつく。
",12月-2月,特になし,"自然樹形を活かす。
不要な枝や混み合った枝を間引く。
強剪定は避ける。",非推奨,つきにくい,"特になし。
病害虫は少ない。",強い,強い,普通,普通,半日陰を好み、強い西日は嫌う。
ナンテンギリ,ヤナギ科・イイギリ属,落葉,高木,15m-20m,普通,年20cm-30cm程度,"葉は心臓形で大きく、先端が尖る。
3月-5月頃に黄緑色の花を咲かせ、円錐花序となって垂れ下がる。
秋にブドウの房のように垂れ下がる真っ赤な実をつける。
雌雄異株で、実がつくのは雌木だけ。","秋の真っ赤な実が美しく、冬の庭を彩る。
",観賞価値が低い,3月-5月,"黄緑色の小さな花。
花弁はなく、萼片は5枚前後。",観賞価値が高い（食用可）,秋,"直径1cmほどの球形。
熟すと真っ赤になり、多数の細かい種子を含む。","心臓形（ハート型）で大きく、長さは約40cm。
葉の基部には2個の腺がある。","幹が太くなると、コルク質が発達し、凹凸のある樹皮になる。
",12月-2月,特になし,"自然樹形を活かす。
不要な枝や混み合った枝を間引く。
強剪定は避ける。",非推奨,つきにくい,"特になし。
病害虫は少ない。",強い,強い,普通,普通,特になし
ニオイヒバ,ヒノキ科・クロベ属,常緑,高木,2m-38m,普通,年20cm-30cm程度,"葉を揉むと甘い芳香がする。
鱗片状の葉が密生し、年間を通じて美しい緑を保つ。
耐寒性・耐暑性に優れ、丈夫。
自然に円錐形の樹形になる。","甘い香りが魅力的。
生垣や庭木として利用される。",観賞価値が低い,春,"目立たない。
",観賞価値が低い（食用不可）,秋,"小さな実がつくが、目立たない。
","鱗片状で、長さ3-5mm。
丸みが強く、くすんだ黄緑色。","特になし。
",12月-2月,特になし,"自然樹形を活かす。
不要な枝や混み合った枝を間引く。
強剪定は避ける。",推奨,つきにくい,"特になし。
病害虫は少ない。",強い,強い,普通,普通,特になし
ニシキギ,ニシキギ科・ニシキギ属,落葉,低木,2m-3m,普通,年20cm-30cm程度,"秋には燃えるような鮮やかな赤色に紅葉し、「錦木」という名前の由来。
枝にコルク質の板状の「翼」が発達するのが最大の特徴。
10月-11月頃に赤い実が熟し、皮が割れると朱色の種子がぶら下がる。
世界三大紅葉樹の一つ。","燃えるような紅葉が魅力的。
独特の枝の翼が特徴。",観賞価値が低い,5月-7月,"淡い黄緑色の小さな花。
葉に隠れてあまり目立たない。",観賞価値が高い（食用不可、有毒）,10月-11月,"赤い実が熟し、皮が割れると朱色の種子がぶら下がる。
","長さ2-7cmほどの倒卵形または長楕円形。
先端は鋭く尖り、縁には細かい鋸歯がある。","枝にコルク質の板状の「翼」が発達する。
",1月-2月,特になし,"自然樹形を活かす。
不要な枝や混み合った枝を間引く。
強剪定は避ける。",非推奨,つきにくい,"特になし。
病害虫は少ない。",強い,強い,普通,普通,特になし
ニセアカシア,マメ科・ハリエンジュ属,落葉,高木,20m-25m,早い,年30cm-50cm程度,"幹にはトゲがあるが、太くなるとなくなる。
初夏に甘い芳香のある白い蝶形花を多数咲かせる。
根に根粒菌を共生させ、空気中の窒素を固定する。
非常に丈夫で成長が速く、やせ地や乾燥地でも育つ。","甘い香りの花が魅力的。
蜜源植物として重要。",観賞価値が高い,5月-6月,"白色の蝶形花。
甘い芳香がある。",観賞価値が低い（食用可、ただし毒抜きが必要）,10月,"平たい豆果。
","奇数羽状複葉で互生し、小葉は薄く楕円形。
","灰褐色で、成木は縦に割れ目が入る。
若木の幹にはトゲがある。",12月-2月,特になし,"自然樹形を活かす。
不要な枝や混み合った枝を間引く。
強剪定は避ける。",非推奨,つきにくい,"特になし。
病害虫は少ない。",強い,強い,普通,強い,侵略的外来種に指定されている。
ニレ,ニレ科・ニレ属,落葉,高木,30m,普通,年20cm-30cm程度,"幹は直立し、枝を太く広げて美しい樹形を形成する。
葉は広倒卵形または倒卵状楕円形で、基部は左右非対称。
春に葉が展開する前に、帯黄緑色の小さな花を多数つける。
材は重硬で粘りがあり、曲げ加工に適する。","美しい樹形と、木材としての実用性。
「世界四大街路樹」の一つ。",観賞価値が低い,3月-5月,"帯黄緑色の小さな両性花。
7-15個集まって咲く。",観賞価値が低い（食用不可）,5月-6月,"翼のある扁平な翼果。
","広倒卵形または倒卵状楕円形。
基部は左右非対称で、縁には二重鋸歯がある。","灰褐色で、縦にやや深く不規則な裂け目が入る。
",12月-2月,特になし,"自然樹形を活かす。
不要な枝や混み合った枝を間引く。
強剪定は避ける。",非推奨,つきにくい,"特になし。
病害虫は少ない。",強い,強い,普通,普通,湿潤で肥沃な土地を好む。
ニワウメ,バラ科・ニワウメ属,落葉,低木,1m-2m,普通,年20cm-30cm程度,"4月頃に葉の展開と同時かやや先に、ピンク色または白色の小花を多数咲かせる。
6月-7月頃に球形の果実が赤く熟し、食用になる。
株元から多数の枝を出し、株立ち状に生長する。
暑さ寒さに強く、育てやすい。","可憐な花と、食用となる実が魅力的。
",観賞価値が高い,4月,"直径1cm強のピンク色または白色の小花。
多数咲かせ、花弁は5枚で先端が丸みを帯びる。",観賞価値が高い（食用可）,6月-7月,"直径8-12mmの球形の果実。
赤く熟し、光沢がある。","長さ5-7cmの卵形または細長い楕円形。
先端が尖り、縁にはギザギザがある。","株元から多数の枝を出し、株立ち状に生長する。
枝は細く、よくしなる。",12月-2月,特になし,"自然樹形を活かす。
不要な枝や混み合った枝を間引く。
強剪定は避ける。",可,つきにくい,"特になし。
病害虫は少ない。",強い,強い,普通,普通,特になし
ニワフジ,マメ科・コマツナギ属,落葉,低木,0.4m-0.6m,普通,年10cm-20cm程度,"樹高はコンパクトで、横に広がる性質がある。
5月-7月頃に、フジの花に似た紅紫色の蝶形花を咲かせる。
非常に丈夫で育てやすい。
移植を嫌う。","フジに似た花が可憐で美しい。
コンパクトな樹形は庭に植えやすい。",観賞価値が高い,5月-7月,"紅紫色の蝶形花。
長さ10-20cmの総状花序に密につく。",観賞価値が低い（食用不可）,夏,"小さな実がつくが、目立たない。
","羽状複葉で、9-15枚の小葉から構成される。
新緑の時期は特に鮮やかな緑色。","特になし。
",12月-2月,特になし,"自然樹形を活かす。
不要な枝や混み合った枝を間引く。
強剪定は避ける。",非推奨,つきにくい,"特になし。
病害虫は少ない。",強い,強い,普通,普通,特になし
ネグンドカエデ,ムクロジ科・カエデ属,落葉,高木,10m-25m,早い,年30cm-50cm程度,"カエデ属では珍しい羽状複葉。
5-7枚の小葉からなる奇数羽状複葉。
葉に白い斑やピンク色の斑が入る園芸品種も多い。
成長が非常に早く、都市環境にも順応する。","独特の葉の形と、美しい斑入りの葉が魅力的。
",観賞価値が低い,3月-5月,"黄緑色から紫色の花。
花弁や花盤はない。",観賞価値が低い（食用不可）,秋,"プロペラ状の翼を持つ実が2個ずつつき、直角から鋭角に開く。
果実は房状に垂れ下がり、長く枝に残る。","5-7枚の小葉からなる奇数羽状複葉。
葉の表面の脈上と裏面には伏した毛が密に生える。","樹皮は灰褐色で、成木は縦に割れ目が入る。
若い木の幹にはトゲがある。",12月-2月,特になし,"自然樹形を活かす。
不要な枝や混み合った枝を間引く。
強剪定は避ける。",非推奨,つきにくい,"特になし。
病害虫は少ない。",強い,強い,普通,普通,繁殖力が旺盛。
ネコヤナギ,ヤナギ科・ヤナギ属,落葉,低木,1m-3m,早い,年30cm-50cm程度,"春先に葉が出る前に銀白色の絹毛に覆われた花穂をつける。
雌雄異株で、雄花の方が大きく、生け花によく用いられる。
成長が比較的早く、水辺を好む。
挿し木で容易に増やすことができる。","猫のしっぽのような花穂が可愛らしい。
春の訪れを告げる花として親しまれる。",観賞価値が高い,2月下旬-3月中旬,"銀白色の絹毛に覆われた花穂。
雄花は先端に赤い葯のついた雄しべを持ち、黄色い花粉をまとっている。",観賞価値が低い（食用不可）,4月頃,"白い綿毛に包まれた種子（柳絮）を散布する。
","長楕円形。
葉の縁には細かい鋸歯があり、葉の裏側には灰白色の毛が密生している。","特になし。
",12月-2月,特になし,"自然樹形を活かす。
不要な枝や混み合った枝を間引く。
強剪定は避ける。",非推奨,つきにくい,"特になし。
病害虫は少ない。",強い,強い,普通,普通,湿潤な場所を好む。
ネズミモチ,モクセイ科・イボタノキ属,常緑,低木-小高木,5m-8m,普通,年20cm-30cm程度,"厚みのある革質の葉で、表面は光沢のある濃い緑色。
初夏に白い小さな花を多数咲かせ、香りが強い。
秋から冬にかけて黒紫色の実をつけ、ネズミの糞に似ている。
丈夫で刈り込みにも耐えるため、生け垣や街路樹として利用される。","一年中緑を楽しめる。
縁起の良い木として親しまれる。",観賞価値が低い,5月-6月,"白い小さな花。
枝先に円錐状の花序を出し、多数咲かせる。",観賞価値が高い（食用不可）,秋-冬,"長さ約1cmの楕円形。
黒紫色に熟し、ネズミの糞に似ている。","長さ4-10cmの楕円形または卵形。
厚みのある革質で、表面は光沢のある濃い緑色。","灰褐色で、表面に多数の粒状の皮目が出る。
",12月-2月,特になし,"自然樹形を活かす。
不要な枝や混み合った枝を間引く。
強剪定は避ける。",推奨,つきにくい,"特になし。
病害虫は少ない。",強い,強い,普通,強い,特になし
ネムノキ,マメ科・ネムノキ属,落葉,高木,8m-10m,早い,年30cm-50cm程度,"夜になると葉が閉じて垂れ下がる「就眠運動」を行う。
葉は2回偶数羽状複葉で、小さな葉が多数並ぶ。
6月-7月にかけて、淡紅色の筆のような繊細な花を咲かせる。
耐寒性、耐暑性ともに強く、幅広い環境で育つ。","独特の葉の動きと美しい花が魅力的。
夫婦円満の象徴とされる。",観賞価値が高い,6月-7月,"淡紅色の筆のような、または花火の柳のような繊細な花。
ほのかな甘い香りを放つ。",観賞価値が低い（食用不可）,秋,"長さ10-15cmほどの豆さや形の扁平な果実。
落葉後も長く樹上に残る。","長さ20-30cmの2回偶数羽状複葉。
小さな葉（小葉）が多数並ぶ。","幹は途中まで枝分かれせず、上部で水平に枝を広げる。
",12月-2月,特になし,"自然樹形を活かす。
不要な枝や混み合った枝を間引く。
強剪定は避ける。",非推奨,つきにくい,"特になし。
病害虫は少ない。",強い,強い,普通,普通,移植や強剪定を嫌う。
ハクモクレン,モクレン科・モクレン属,落葉,高木,5m-15m,普通,年20cm-30cm程度,"新葉が展開する前の3月-4月に、直径10-15cmの大きな白い花を上向きに咲かせる。
レモンやライムのような芳香を放つ。
幹は直立し、樹皮は灰白色で滑らか。
中国原産で、庭木や街路樹として広く植栽される。","大きな白い花と芳香が魅力的。
春の訪れを告げる花として親しまれる。",観賞価値が高い,3月-4月,"直径10-15cmの大きな白い花。
花弁は6-9枚で、ほぼ同じ大きさ、色形の萼片が外側に3枚ある。",観賞価値が低い（食用不可）,10月頃,"握りこぶしのような特異な形状の袋果。
熟すと黒褐色になり、中から赤い種子が顔を出し、糸を引いて垂れ下がる。","長さ6-16cm、幅6-10cmの倒卵形または広楕円形。
厚い革質で、表面は濃緑色で光沢がある。","灰白色で滑らか。
",12月-2月,特になし,"自然樹形を活かす。
不要な枝や混み合った枝を間引く。
強剪定は避ける。",非推奨,つきにくい,"特になし。
病害虫は少ない。",強い,強い,普通,普通,特になし
ハコネウツギ,スイカズラ科・タニウツギ属,落葉,低木,2m-3m,普通,年20cm-30cm程度,"5月-6月に枝先や葉の付け根から漏斗状の花を咲かせる。
咲き始めは白色だが、開花が進むにつれてピンク、紅色へと変化する。
耐寒性、耐暑性に優れ、潮風や大気汚染、病害虫にも強い。
根元から枝分かれする株立ちタイプ。","花色の変化が美しく、「源平ウツギ」とも呼ばれる。
丈夫で育てやすい。",観賞価値が高い,5月-6月,"漏斗状の花で、咲き始めは白色だが、開花が進むにつれてピンク、紅色へと変化する。
",観賞価値が低い（食用不可）,10月-11月,"茶褐色の実がなり、熟すと自然に裂けて翼のある小さな種子をこぼれ落とす。
","長さ8-15cmの楕円形-広卵形。
先端は急に鋭く尖り、縁には細かい鋸歯がある。","灰褐色で、樹齢を重ねると縦に浅く裂けて剥がれ落ちる。
",花後すぐ（6月下旬頃）,特になし,"自然樹形を活かす。
不要な枝や混み合った枝を間引く。
強剪定は避ける。",推奨,つきにくい,"特になし。
病害虫は少ない。",強い,強い,普通,普通,特になし
ハゼノキ,ウルシ科・ウルシ属,落葉,高木,7m-15m,普通,年20cm-30cm程度,"秋には葉が真っ赤に美しく紅葉し、「ハゼモミジ」とも呼ばれる。
5月-6月に黄緑色の小さな花を多数つける。
果実から採取される蝋は、和ろうそくなどの原料として利用される。
樹液にはウルシオールという有毒成分が含まれ、触れるとかぶれることがある。","燃えるような紅葉が魅力的。
",観賞価値が低い,5月-6月,"黄緑色の小さな花。
円錐花序を出し、多数つける。",観賞価値が低い（食用不可、有毒）,9月-10月,"直径0.9-1.3cmの扁球状の果実。
淡褐色に熟し、表面は無毛で光沢がある。","長さ20-30cmの奇数羽状複葉。
小葉は4-8対あり、両面は無毛で光沢がある。","暗赤色から灰褐色で滑らかだが、老木になると縦に裂け目が入る。
",12月-2月,特になし,"自然樹形を活かす。
不要な枝や混み合った枝を間引く。
強剪定は避ける。",非推奨,つきにくい,"特になし。
病害虫は少ない。",強い,強い,普通,普通,特になし
ハナカイドウ,バラ科・リンゴ属,落葉,小高木,3m-8m,普通,年20cm-30cm程度,"4月中旬-5月上旬に、淡いピンク色の花を枝いっぱいに咲かせる。
花は半開状態で下向きに咲き、花つきが非常に良い。
楊貴妃が酔って眠る姿に例えられたことから、「美人の眠り」という花言葉を持つ。
性質は強健で育てやすい。","可憐な花が美しく、春の庭を彩る。
",観賞価値が高い,4月中旬-5月上旬,"淡いピンク色の花。
花茎を長く伸ばし、直径3-4cmほどの花が半開状態で下向きに咲く。",観賞価値が低い（食用不可）,秋,"リンゴに似た小さな赤い実がなるが、食用にはならない。
","長さ4-9cmの長楕円形。
若い葉は紅色を帯び、成長すると暗緑色になる。","灰褐色でほぼ滑らか。
若い枝は紫色を帯び、小枝が刺になることもある。",12月-2月,特になし,"自然樹形を活かす。
不要な枝や混み合った枝を間引く。
強剪定は避ける。",非推奨,普通,"アブラムシ、うどんこ病、黒星病。
",強い,強い,普通,やや弱い,特になし
ハナズオウ,マメ科・ハナズオウ属,落葉,低木-高木,2m-6m,普通,年20cm-30cm程度,"春に葉が出る前に、赤みを帯びた紫色の小さな花が枝に密集して咲く。
花は枝から直接咲く「幹生花」という珍しい特徴がある。
花つきが良く、枝を覆うように咲き誇る。
暑さや寒さに強く、比較的育てやすい。","鮮やかな花が春の庭を彩る。
",観賞価値が高い,4月,"赤みを帯びた紫色（紅紫色）の小さな花。
花弁のように見える部分は萼が変化したもの。",観賞価値が低い（食用不可）,秋,"さやえんどうのような扁平な豆果。
緑色から黒紫色や褐色に熟す。","ハート形または広卵形。
葉の縁にギザギザはなく、表面は濃緑色で光沢がある。","明るい茶色で、白っぽく平滑。
",12月-2月,特になし,"自然樹形を活かす。
不要な枝や混み合った枝を間引く。
強剪定は避ける。",非推奨,つきにくい,"特になし。
病害虫は少ない。",強い,強い,普通,普通,特になし
ハナミズキ,ミズキ科・ミズキ属,落葉,高木,4m-8m,遅い,年10cm-20cm程度,"4月中旬-5月中旬に、花弁のように見える総苞片が美しい花を咲かせる。
花色は白、ピンク、赤がある。
秋には鮮やかに紅葉し、赤く光沢のある実をつける。
樹形が自然に整いやすい。","美しい花と紅葉、実と四季折々の変化を楽しめる。
街路樹やシンボルツリーとして人気。",観賞価値が高い,4月中旬-5月中旬,"花弁のように見える総苞片が特徴。
総苞片の先端が凹んでいる。",観賞価値が低い（食用不可）,10月下旬-11月下旬,"赤く光沢のある1cmほどの小ぶりな実。
4-5個まとまってつく。","直径10cm前後の広い楕円形または卵形。
裏面には短い毛があり、白っぽい。","特になし。
",12月-2月,特になし,"自然樹形を活かす。
不要な枝や混み合った枝を間引く。
強剪定は避ける。",非推奨,つきにくい,"特になし。
病害虫は少ない。",普通,普通,普通,普通,強い西日や乾燥には注意。
ハナモモ,バラ科・モモ属,落葉,高木,3m-5m,早い,年30cm-50cm程度,"花を観賞するために品種改良されたモモ。
3月-4月頃に枝いっぱいに大ぶりの花を咲かせる。
花の色はピンク、赤、白、または紅白の絞り咲きなど多様。
葉が出る前か、葉と同時に花が咲く。","美しい花が春の庭を彩る。
桃の節句に飾られるなど、縁起の良い木。",観賞価値が高い,3月-4月,"ピンク、赤、白、紅白の絞り咲きなど多様な花色。
一重咲きと八重咲きがある。",観賞価値が低い（食用不可）,夏,"小さな実がなるが、食用には適さない。
","卵形から楕円形。
","特になし。
",12月-2月,特になし,"自然樹形を活かす。
不要な枝や混み合った枝を間引く。
強剪定は避ける。",可,普通,"うどんこ病、アブラムシ。
",強い,強い,普通,普通,特になし
ハマナス,バラ科・バラ属,落葉,低木,1m-1.5m,普通,年20cm-30cm程度,"6月-8月頃に、ピンク色（まれに白色）の鮮やかな花を咲かせる。
花後に直径2-3cmほどの真っ赤な丸い果実（ローズヒップ）をつける。
寒さに強く、潮風にも耐性がある。
地下茎を伸ばして成長するため、環境が合えば広く群生する。","鮮やかな花と赤い実が魅力的。
ローズヒップはビタミンCが豊富で食用になる。",観賞価値が高い,6月-8月,"ピンク色（まれに白色）の鮮やかな花。
直径5-8cmほどの大輪で、中心には黄色い雄しべがある。",観賞価値が高い（食用可）,9月-10月,"直径2-3cmほどの真っ赤な丸い果実（偽果）。
ビタミンCが豊富で、食用にされる。","葉脈が目立ち、シワがあるように見える。
奇数羽状複葉で、小葉は卵状楕円形から楕円形。","枝には細かな毛とトゲが多い。
",12月-2月,特になし,"自然樹形を活かす。
不要な枝や混み合った枝を間引く。
強剪定は避ける。",非推奨,普通,"アブラムシ、カイガラムシ、うどんこ病、黒星病。
",強い,普通,普通,強い,潮風に強い。
バラ,バラ科・バラ属,常緑-落葉,低木,0.5m-3m,普通,年20cm-30cm程度,"「花の女王」と呼ばれる。
木立ち性、つる性、半つる性など多様な樹形がある。
四季咲き性、一季咲き性、返り咲き性など開花タイプも多様。
花は小輪から大輪まであり、花色も豊富。","美しい花と香りが魅力的。
庭や住まいを立体的に彩る。",観賞価値が高い,春-秋（品種による）,"花弁の枚数は5枚から100枚と多様。
剣弁高芯咲き、丸弁咲きなど多様な咲き方がある。",観賞価値が低い（食用可）,秋,"一重咲きや一季咲きのつるバラ、原種に近い品種では、花後に実（ローズヒップ）を楽しむことができる。
","品種によって葉の形は様々。
","多くの品種に鋭いトゲがあるが、トゲがない品種も一部存在する。
",12月-2月,特になし,"樹形を整えるための剪定。
不要な枝や混み合った枝を間引く。
強剪定は避ける。",推奨,つきやすい,"うどんこ病、黒星病、アブラムシ、ハダニ。
",普通,普通,普通,普通,日当たりと風通しの良い場所を好む。
ハンカチノキ,ミズキ科・ハンカチノキ属,落葉,高木,10m以上,遅い,年10cm-20cm程度,"花びらのように見える2枚の白い苞が特徴。
苞は初め淡い緑色だが、開花と共に白色になり、手のひらほどの大きさになる。
白い苞が風に揺れる様子が、白いハンカチや白いハトが羽ばたいているように見える。
「第3紀の植物」「生きた化石」とも呼ばれる。","白いハンカチがぶら下がっているような独特の姿が魅力的。
",観賞価値が高い,4月下旬-5月,"花びらのように見える2枚の白い苞。
中心にある小さな花の塊を飾る特殊化した葉が変化したもの。",観賞価値が低い（食用不可）,秋,"小さな実がつくが、目立たない。
","幅の広い卵形で、先端は細長く尖り、基部はハート形。
縁には鋭いギザギザがある。","特になし。
",12月-2月,特になし,"自然樹形を活かす。
不要な枝や混み合った枝を間引く。
強剪定は避ける。",非推奨,つきにくい,"特になし。
病害虫は少ない。",普通,普通,普通,やや弱い,冷涼な気候を好む。
ヒイラギ,モクセイ科・モクセイ属,常緑,小高木,4m-8m,遅い,年10cm-20cm程度,"葉の縁に鋭いトゲ状の鋸歯があるが、老木になるとトゲがなくなる。
冬に白い小さな花を多数集めて咲かせ、甘い芳香を放つ。
雌雄異株で、雌株には花後に黒っぽい暗紫色の実がなる。
古くから邪気を払う縁起木として利用される。","葉のトゲと甘い香りが特徴的。
生け垣や庭木として利用される。",観賞価値が低い,11月-12月,"白い小さな花。
多数集まって咲き、甘い芳香を放つ。",観賞価値が低い（食用不可）,翌年の6月-7月,"楕円形の実。
はじめは青紫色で、翌年の6月-7月頃に黒っぽい暗紫色に熟す。","葉の縁に鋭いトゲ状の鋸歯がある。
濃い緑色で光沢があり、肉厚で革質。","淡い白色の樹皮は、樹齢を重ねると網目状に剥離する。
",12月-2月,特になし,"自然樹形を活かす。
不要な枝や混み合った枝を間引く。
強剪定は避ける。",推奨,つきにくい,"特になし。
病害虫は少ない。",強い,強い,普通,普通,特になし
ヒイラギナンテン,メギ科・メギ属,常緑,低木,0.5m-1.5m,遅い,年10cm-20cm程度,"ヒイラギに似た縁にトゲのある葉が特徴。
葉はナンテンのように複葉で、小葉が5-9対ほど集まる。
3月-4月にかけて、枝先から房状に垂れ下がった長い花穂に、小さな黄色の花を多数咲かせる。
非常に丈夫で、半日陰から日陰のやや湿った肥沃な土壌を好む。","ヒイラギのような葉と、黄色い花が魅力的。
",観賞価値が低い,3月-4月,"小さな黄色の花。
房状に垂れ下がった長い花穂に多数咲く。",観賞価値が低い（食用不可）,初夏-秋,"ブドウの房のように黒紫色で白い粉を吹いたような実。
","ヒイラギに似た縁にトゲのある葉。
小葉が5-9対ほど集まり、長さ30-40cmの羽根状になる。","特になし。
",12月-2月,特になし,"自然樹形を活かす。
不要な枝や混み合った枝を間引く。
強剪定は避ける。",非推奨,つきにくい,"特になし。
病害虫は少ない。",強い,強い,普通,普通,特になし
ヒイラギモクセイ,モクセイ科・モクセイ属,常緑,小高木,4m-8m,普通,年20cm-30cm程度,"ヒイラギとギンモクセイの交雑種。
葉の縁にヒイラギのような刺状の鋸歯があるが、ヒイラギほどではない。
10月-11月頃に白色の花を咲かせ、かすかな芳香がある。
常緑性で、刈り込みに強く、様々な樹形に整えることができる。","生垣や庭木として利用される。
葉のトゲがあるため、防犯目的にも利用される。",観賞価値が低い,10月-11月,"白色の花。
かすかな芳香がある。",観賞価値が低い（食用不可）,特になし,"小さな実がつくが、目立たない。
","厚くて硬い革質で、長さ5-12cmの楕円形。
葉の縁に刺状の鋸歯がある。","直立し、ギンモクセイに似るが、コルク質のこぶができることがある。
",12月-2月,特になし,"自然樹形を活かす。
不要な枝や混み合った枝を間引く。
強剪定は避ける。",推奨,つきにくい,"特になし。
まれにカイガラムシ、ハダニ、ヘリグロテントウノミハムシ。",強い,強い,普通,普通,特になし
ヒカゲツツジ,ツツジ科・ツツジ属,常緑,低木,1m-2m,遅い,年10cm-20cm程度,"日本固有のツツジ。
葉は革質で肉厚、小型のシャクナゲに似る。
4月-5月頃にクリーム色から淡い黄緑色の花を咲かせる。
日陰に多く生えるが、日向でも育つ。","ツツジ類では珍しい黄色系統の花が魅力的。
",観賞価値が高い,4月-5月,"クリーム色から淡い黄緑色。
直径3-5cmほどで、枝先に2-6個集まって咲く。",観賞価値が低い（食用不可）,10月頃,"円柱形の?果で、熟し、裂けて種子を拡散する。
","革質（皮質）の楕円形または披針形。
肉厚で、葉の裏面には腺状の鱗片が密生している。","幹は複数生じて株立ち状になりやすい。
",12月-2月,特になし,"自然樹形を活かす。
不要な枝や混み合った枝を間引く。
強剪定は避ける。",非推奨,つきにくい,"特になし。
病害虫は少ない。",強い,強い,普通,普通,湿気の多い場所を好む。
ヒカンザクラ,バラ科・サクラ属,落葉,小高木,4m-10m,普通,年20cm-30cm程度,"1月-3月にかけて開花し、沖縄では最も早く開花する桜の一つ。
濃い紫紅色（緋色）で、中輪の一重咲き。
花は釣鐘状で下向きに半開きのまま咲き、花びらは散らずに萼ごと落下する。
暖地性の桜のため、寒さにはそれほど強くない。","早咲きで、春の訪れを告げる花として親しまれる。
",観賞価値が高い,1月-3月,"濃い紫紅色（緋色）で、中輪の一重咲き。
釣鐘状で下向きに半開きのまま咲く。",観賞価値が低い（食用不可）,春,"小さな実がつくが、目立たない。
","長さ7-10cmの卵型または長楕円形。
質厚で先端は細長く伸び、縁にはギザギザが多い。","特になし。
",12月-2月,特になし,"自然樹形を活かす。
不要な枝や混み合った枝を間引く。
強剪定は避ける。",非推奨,つきにくい,"特になし。
病害虫は少ない。",普通,強い,普通,普通,特になし
ヒサカキ,モッコク科・ヒサカキ属,常緑,小高木,2m-5m,遅い,年10cm-20cm程度,"葉の縁に丸い鋸歯があり、厚みのある革質で光沢がある。
3月-4月頃に、葉の付け根から枝の下側に小さな黄白色の花を多数咲かせる。
花には都市ガスのような独特の強い臭気がある。
10月-12月に球形の液果が黒紫色に熟し、枝にびっしりとつく。","一年中艶のある葉を楽しめる。
神棚へ供える玉串に利用される。",観賞価値が低い,3月-4月,"黄白色の小さな花。
枝の下側に短くぶら下がるように咲く。",観賞価値が低い（食用不可）,10月-12月,"球形の液果が黒紫色に熟し、枝にびっしりとつく。
","長さ3-8cm程度の狭倒卵形や楕円形。
厚みのある革質で表面には強い光沢がある。","特になし。
",12月-2月,特になし,"自然樹形を活かす。
不要な枝や混み合った枝を間引く。
強剪定は避ける。",推奨,つきにくい,"特になし。
病害虫は少ない。",強い,強い,強い,強い,防火性や耐潮性がある。
ヒナユズリハ,ユズリハ科・ユズリハ属,常緑,小高木,4m-10m,遅い,年10cm-20cm程度,"葉は互生し、枝先に集まってつく。
葉の裏面には網状脈がはっきりと見える。
5月-6月頃に花弁のない小さな花を咲かせる。
熟すと藍黒色になり、表面に粉をふく実をつける。","一年中緑を楽しめる。
",観賞価値が低い,5月-6月,"花弁はなく、多数の雄しべと紫色の葯が目立つ。
",観賞価値が低い（食用不可）,秋,"核果で、熟すと藍黒色になり、表面に粉をふく。
","狭楕円形で、長さ4-15cm。
葉の裏面には網状脈がはっきりと見える。","灰褐色で、皮目が散生する。
",12月-2月,特になし,"自然樹形を活かす。
不要な枝や混み合った枝を間引く。
強剪定は避ける。",非推奨,つきにくい,"特になし。
病害虫は少ない。",強い,強い,普通,普通,特になし
ヒノキ,ヒノキ科・ヒノキ属,常緑,高木,30m,普通,年20cm-30cm程度,"触り心地が良く、木目が美しく、光沢がある。
耐久性と強度に優れ、湿気や腐朽に強い。
独特の甘く心地よい芳香がある。
日本固有種で、高級木材として古くから建築などに用いられる。","美しい木目と芳香が魅力的。
長期間にわたって安定した強度を保つ。",観賞価値が低い,春,"目立たない。
",観賞価値が低い（食用不可）,秋,"小さな実がつくが、目立たない。
","幅2mm程度の鱗片葉。
裏面にはY字型の白い気孔帯が見られる。","赤褐色で縦に裂けやすい。
",12月-2月,特になし,"自然樹形を活かす。
不要な枝や混み合った枝を間引く。
強剪定は避ける。",非推奨,つきにくい,"特になし。
病害虫は少ない。",強い,強い,普通,普通,特になし
ヒメシャラ,ツバキ科・ナツツバキ属,落葉,高木,5m-10m,普通,年20cm-30cm程度,"赤褐色でツルツルとした美しい幹肌が特徴。
6月-7月頃の梅雨時期に、直径約1.5-2.5cmほどの白い小花を下向きに咲かせる。
葉は楕円形で先端が少し尖っており、比較的葉のサイズは小さめ。
秋には赤色や赤茶色など、葉ごとに異なる色合いの美しい紅葉が楽しめる。","ツルツルとした美しい幹肌が魅力的。
可憐な花と紅葉も楽しめる。",観賞価値が高い,6月-7月,"直径約1.5-2.5cmほどの白い小花。
下向きに咲き、繊細な印象。",観賞価値が低い（食用不可）,秋,"小さな実がつくが、目立たない。
","楕円形で先端が少し尖っており、比較的葉のサイズは小さめ。
秋には赤色や赤茶色など、葉ごとに異なる色合いの美しい紅葉が楽しめる。","赤褐色でツルツルとした美しい幹肌。
樹皮がまだらに剥がれ落ち、新しい赤褐色の樹皮が現れる。",12月-2月,特になし,"自然樹形を活かす。
不要な枝や混み合った枝を間引く。
強剪定は避ける。",非推奨,つきにくい,"特になし。
病害虫は少ない。",普通,普通,普通,やや弱い,特になし
ヒメユズリハ,ユズリハ科・ユズリハ属,常緑,高木,3m-10m,遅い,年10cm-20cm程度,"葉はユズリハよりも小さく、枝先に集まってつく。
葉の裏面には網状脈がはっきりと見える。
5月-6月頃に花弁のない小さな花を咲かせる。
熟すと藍黒色になり、表面に粉をふく実をつける。","一年中緑を楽しめる。
縁起の良い木として親しまれる。",観賞価値が低い,5月-6月,"花弁はなく、多数の雄しべと紫色の葯が目立つ。
",観賞価値が低い（食用不可）,秋,"直径約9mmの楕円形の核果。
熟すと藍黒色になり、表面に粉をふく。","長さ6-12cmの狭長楕円形-倒披針形。
葉の縁は裏側へ反り返り、葉脈がうっすらと見える。","灰褐色で、皮目が散生する。
",12月-2月,特になし,"自然樹形を活かす。
不要な枝や混み合った枝を間引く。
強剪定は避ける。",非推奨,つきにくい,"特になし。
病害虫は少ない。",強い,強い,普通,普通,寒さには弱い。
ヒメリンゴ,バラ科・リンゴ属,落葉,小高木,3m-5m,普通,年20cm-30cm程度,"4月-6月頃に、蕾の時はピンク色で、開花すると白に変化する花を咲かせる。
花後に直径1.5-4cm弱の小さな果実ができ、秋には暗い紅紫色に熟す。
枝は縦方向に伸びるため、狭い場所でも育てやすい。
花と実の両方が観賞価値がある。","可憐な花と、可愛らしい実が魅力的。
",観賞価値が高い,4月-6月,"蕾の時はピンク色で、開花すると白に変化する。
花はカイドウやズミに似ている。",観賞価値が高い（食用可）,秋,"直径1.5-4cm弱の小さな果実。
暗い紅紫色に熟す。","長さ5-10cmの楕円形。
先端が尖り、縁には細かいギザギザがある。","特になし。
",12月-2月,特になし,"自然樹形を活かす。
不要な枝や混み合った枝を間引く。
強剪定は避ける。",可,つきにくい,"特になし。
病害虫は少ない。",強い,強い,普通,強い,特になし
ビャクシン,ヒノキ科・ビャクシン属,常緑,高木,15m-20m,普通,年20cm-30cm程度,"幹は直立するが、ねじれたり、這うように育つものも多い。
葉の形状は、鱗状になるものと針状になるものがあり、場所や樹齢によって異なる。
雌雄異株で、翌年の10月頃に黒紫色の球形の実をつける。
日差しが強く、乾燥した砂地を好み、耐陰性はない。","野趣に富んだ雰囲気が魅力的。
盆栽や和風庭園、寺社に利用される。",観賞価値が低い,4月,"雄花は茶色の楕円球形、雌花は黄緑色の球形。
",観賞価値が低い（食用不可）,翌年の10月頃,"直径5-9mm程度の黒紫色の球形の実。
白い粉がかかったような状態になることが多い。","鱗状の葉と針状の葉がある。
成長した葉の大部分は鱗状だが、苗木や徒長枝、老木の下枝では針状になりやすい。","赤褐色で縦に長く裂けて剥離する。
",12月-2月,特になし,"自然樹形を活かす。
不要な枝や混み合った枝を間引く。
強剪定は避ける。",推奨,つきやすい,"梨の赤星病。
",強い,強い,弱い,強い,特になし
ヒャクリョウ,サクラソウ科・ヤブコウジ属,常緑,低木,0.3m-1m,遅い,年5cm-10cm程度,"根元から複数の枝を伸ばす株立ち。
冬に直径0.6-0.8cmほどの球形の赤い実をつけ、翌年の春まで残る。
半日陰やや湿った場所を好み、冷たい風や乾燥地を嫌う。
成長が非常に遅い。","赤い実が縁起物として正月飾りに用いられる。
",観賞価値が高い,7月-8月,"黄緑色の小さな花。
葉腋から散形花序を伸ばし、10個ほど房状に咲かせる。",観賞価値が高い（食用不可）,冬,"直径0.6-0.8cmほどの球形の赤い実。
翌年の春まで残る。","緑色で細長く、長さ8-20cmの長い楕円形。
縁には低い波状の鋸歯がある。","特になし。
",12月-2月,特になし,"自然樹形を活かす。
不要な枝や混み合った枝を間引く。
強剪定は避ける。",非推奨,つきにくい,"特になし。
病害虫は少ない。",普通,普通,普通,普通,特になし
ヒュウガミズキ,マンサク科・トサミズキ属,落葉,低木,1m-2m,普通,年10cm-20cm程度,"株立ち状に生長し、株元から多くの枝を出す。
3月-4月にかけて、葉が出る前に淡い黄色の小さな花を枝一面に多数開花する。
乾燥や寒さに強く、病害虫も少ない。
トサミズキに似ているが、枝、葉、花すべてが小型で、毛がない。","楚々としたかわいらしい花が魅力的。
",観賞価値が高い,3月-4月,"淡い黄色の小さな花。
うつむいたような姿で、1つの花の房に2-3個の花が集まって咲く。",観賞価値が低い（食用不可）,10月頃,"直径約6mmの球形の?果。
熟すと2つに裂けて黒色の種子を出す。","長さ2-3cm、幅1.5-2.5cmのゆがんだ卵形。
葉脈が目立ち、縁には鋸歯がある。","特になし。
",12月-2月,特になし,"自然樹形を活かす。
不要な枝や混み合った枝を間引く。
強剪定は避ける。",非推奨,つきにくい,"特になし。
病害虫は少ない。",強い,強い,普通,強い,特になし
ヒヨクヒバ,ヒノキ科・ヒノキ属,常緑,高木,5m-20m,遅い,年10cm-20cm程度,"枝や葉の先が糸のように細長く垂れ下がる。
葉は鱗状で、葉先が尖り、外向きに反り返る。
成長が遅く、手入れが比較的楽。
病害虫の心配がほとんどない。","風情ある垂れ下がった樹形が魅力的。
",観賞価値が低い,4月-5月,"雄花は枝先に付く褐色の小さな楕円形、雌花は淡褐色の小さな松笠状。
雌雄同株。",観賞価値が低い（食用不可）,10月,"直径0.6-0.7cmの球果。
褐色に熟す。","鱗状で、葉先が尖り、外向きに反り返る。
葉の裏にはX字形の白い気孔帯がある。","赤褐色で、縦に裂けて薄く長く剥がれる。
",12月-2月,特になし,"自然樹形を活かす。
不要な枝や混み合った枝を間引く。
強剪定は避ける。",非推奨,つきにくい,"特になし。
病害虫は少ない。",強い,強い,普通,普通,特になし
ピラカンサ,バラ科・トキワサンザシ属,常緑,低木,0.5m-3m,普通,年20cm-30cm程度,"春の終わりから初夏にかけて、枝いっぱいに小さな白い花を咲かせる。
秋から冬にかけて、赤やオレンジ、黄色の鮮やかな果実をたくさん実らせる。
枝には鋭いトゲがあるため、生垣として利用すると防犯効果も期待できる。
成長が早いため、定期的な剪定が必要。","鮮やかな実が長く楽しめ、冬の庭を彩る。
生垣や盆栽として利用される。",観賞価値が低い,5月-6月,"小さな白い花。
枝いっぱいに咲く。",観賞価値が低い（食用不可）,10月-翌年2月,"赤やオレンジ、黄色の鮮やかな果実。
","濃い緑色で光沢のある常緑の葉。
","枝には鋭いトゲがある。
",12月-2月,特になし,"自然樹形を活かす。
不要な枝や混み合った枝を間引く。
強剪定は避ける。",推奨,つきにくい,"特になし。
病害虫は少ない。",強い,強い,普通,普通,特になし
フィリフィラオーレア,ヒノキ科・ヒノキ属,常緑,高木,3m-6m,普通,年20cm-30cm程度,"糸状に垂れ下がる黄金色の葉が特徴。
春から秋にかけては鮮やかなライムグリーンで、冬にはオレンジ色を帯びた濃い黄色に色づく。
萌芽力が強く、刈り込みに耐える。
暑さ、寒さ、積雪に強く、非常に丈夫で育てやすい。","黄金色の葉が美しく、庭のアクセントになる。
様々な用途で利用できる。",観賞価値が高い,春,"目立たない。
",観賞価値が低い（食用不可）,秋,"小さな実がつくが、目立たない。
","糸状に垂れ下がる黄金色の葉。
柔らかく触れても痛くない。","特になし。
",12月-2月,特になし,"自然樹形を活かす。
不要な枝や混み合った枝を間引く。
強剪定は避ける。",推奨,つきにくい,"特になし。
病害虫は少ない。",強い,強い,普通,普通,日当たりが良いほど葉色が鮮やかになる。
フェイジョア,フトモモ科・フェイジョア属,常緑,低木-小高木,2m-5m,普通,年20cm-30cm程度,"裏面が銀白色を帯びた、やや厚手の楕円形の葉を持つ。
5月-7月頃に白と赤のコントラストが美しいエキゾチックな花を咲かせる。
10月-12月頃にパイナップルやイチゴ、グアバなどを混ぜたような芳醇な香りと甘酸っぱい味の果実が熟す。
比較的耐寒性が強く、乾燥にも強い。","エキゾチックな花と、芳醇な香りの果実が魅力的。
観賞用としても果樹としても楽しめる。",観賞価値が高い,5月-7月,"白と赤のコントラストが美しいエキゾチックな花。
多数の赤い雄しべが特徴的。",観賞価値が高い（食用可）,10月-12月,"卵形または長卵形の果実。
パイナップルやイチゴ、グアバなどを混ぜたような芳醇な香りと甘酸っぱい味。","裏面が銀白色を帯びた、やや厚手の楕円形の葉。
","特になし。
",12月-2月,特になし,"自然樹形を活かす。
不要な枝や混み合った枝を間引く。
強剪定は避ける。",可,つきにくい,"アブラムシ、カイガラムシ、テッポウムシ。
",強い,強い,普通,強い,特になし
フサスグリ,スグリ科・スグリ属,落葉,低木,1m-1.5m,普通,年10cm-20cm程度,"4月-5月頃に黄緑色の控えめな小花が房状に咲く。
6月-8月にかけて、直径5-8mmほどの小さな赤い果実が房状に実る。
果実は酸味が非常に強く、生食にはあまり向かない。
冷涼な気候を好み、夏の暑さと乾燥を苦手とする。","透明感のあるルビーのような果実が観賞用としても人気。
",観賞価値が低い,4月-5月,"黄緑色の控えめな小花。
花弁は目立たず、反り返る萼が花弁のように見える。",観賞価値が高い（食用可）,6月-8月,"直径5-8mmほどの小さな果実が房状に実る。
果実の色は赤色が一般的だが、白実の品種もある。","直径5-12cmの円形で、カエデのように3-5つに裂け、縁には粗いギザギザがある。
葉の両面と葉柄には毛が生えている。","株元から多くの枝を伸ばし、株立ち状の樹形。
",12月-2月,特になし,"自然樹形を活かす。
不要な枝や混み合った枝を間引く。
強剪定は避ける。",非推奨,つきにくい,"うどんこ病、カイガラムシ。
",強い,弱い,普通,弱い,特になし
フジ,マメ科・フジ属,落葉,つる性木本,10m以上,早い,年50cm-100cm程度,"4月下旬-5月上旬にかけて、薄紫色や白、ピンクなどの蝶形の花が、長い穂状に垂れ下がって咲く。
つるを伸ばして成長し、他の木や構造物に巻きつきながら伸びる。
甘く上品な香りが特徴。
日本原産で、観賞価値が高い。","優美な花と香りが魅力的。
藤棚などに利用され、日本の文化に深く関わる。",観賞価値が高い,4月下旬-5月上旬,"薄紫色や白、ピンクなどの蝶形の花。
長い穂状に垂れ下がって咲き、花房の長さは30-90cmにもなる。",観賞価値が低い（食用不可）,夏,"インゲン豆に似た細長い豆果（さや）。
熟すと硬くなり、裂開して種子を飛ばす。","長さ20-30cmの奇数羽状複葉。
小さな葉が5-9対集まって一枚の葉を形成する。","つる性で、他の木や構造物に巻きつく。
",12月-2月,特になし,"自然樹形を活かす。
不要な枝や混み合った枝を間引く。
強剪定は避ける。",非推奨,つきにくい,"特になし。
病害虫は少ない。",強い,強い,普通,普通,特になし
ブドウ,ブドウ科・ブドウ属,落葉,つる性木本,10m以上,早い,年50cm-100cm程度,"つる性の落葉植物で、巻きひげを使って他のものに絡みつく。
淡緑色のごく小さな花を房状にたくさん咲かせる。
品種によって形、色、味、大きさなどが異なる果実をつける。
日当たりを好むが、多湿を嫌う。","食用となる果実を収穫できる。
棚作りや垣根仕立てに適している。",観賞価値が低い,5月-6月,"淡緑色のごく小さな花。
花びらは5枚あるが、開花時には取れてしまう。",観賞価値が高い（食用可）,8月下旬-11月,"品種によって形、色、味、大きさなどが異なる。
表面はブルームと呼ばれる白い粉で覆われている。","掌状に3-5裂し、縁には粗いギザギザがある。
","つる性で、他のものに絡みつきながら伸びる。
",12月-2月,特になし,"自然樹形を活かす。
不要な枝や混み合った枝を間引く。
強剪定は避ける。",可,つきやすい,"べと病、晩腐病、黒とう病、ブドウトカミキリ。
",強い,普通,普通,普通,特になし
フユイチゴ,バラ科・キイチゴ属,常緑,低木,0.3m,遅い,年5cm-10cm程度,"茎はつる状に伸びて地を這う。
9月-10月にかけて白色の小さな花を咲かせる。
11月-翌1月にかけて鮮やかな赤い果実が熟し、食用になる。
キイチゴの仲間としては珍しく、冬に実が熟す。","冬に赤い実を楽しめる。
食用となる果実を収穫できる。",観賞価値が低い,9月-10月,"白色の5弁花。
直径1-1.3cmほど。",観賞価値が高い（食用可）,11月-翌1月,"球形の集合果。
鮮やかな赤色に熟し、甘酸っぱい。","長さ・幅ともに5-10cmの円形。
しばしば浅く3-5裂し、縁には細かい鋸歯がある。","茎はつる状に伸びて地を這う。
茎には密に軟毛が生え、わずかに扁平な刺が出ることもある。",12月-2月,特になし,"自然樹形を活かす。
不要な枝や混み合った枝を間引く。
強剪定は避ける。",非推奨,つきにくい,"特になし。
病害虫は少ない。",強い,強い,普通,普通,冬の寒風が当たらない場所が適している。
フユザクラ,バラ科・サクラ属,落葉,高木,5m-7m,普通,年20cm-30cm程度,"年に2回開花するのが最大の特徴。
1回目は10月-1月頃、2回目は3月-4月頃。
白から淡いピンク色の一重咲きの花を咲かせる。
暑さや寒さに強く、育てやすい。","冬に花を楽しめる貴重な桜。
",観賞価値が高い,10月-1月、3月-4月,"白から淡いピンク色の一重咲きの花。
直径2-3cmと小ぶり。",観賞価値が低い（食用不可）,春,"小さな実がつくが、目立たない。
","長さ5-6cmほどで、他の桜に比べて小さい。
縁に大きなギザギザがある。","特になし。
",12月-2月,特になし,"自然樹形を活かす。
不要な枝や混み合った枝を間引く。
強剪定は避ける。",非推奨,つきにくい,"特になし。
病害虫は少ない。",強い,強い,普通,普通,特になし
フヨウ,アオイ科・フヨウ属,落葉,低木,1m-4m,普通,年20cm-30cm程度,"8月-10月頃の暑い時期に、直径10-15cmほどの大輪の花を咲かせる。
花の色はピンク色や白色が一般的で、花びらのふわふわとした質感が魅力。
花は「一日花」で、朝に開いて夕方にはしぼむが、夏から秋にかけて毎日次々と新しい花を咲かせる。
比較的丈夫な植物で、排気ガスにも強い。","大輪の花が夏から秋にかけて長く楽しめる。
",観賞価値が高い,8月-10月,"直径10-15cmほどの大輪の花。
ピンク色や白色が一般的で、花びらのふわふわとした質感が魅力。",観賞価値が低い（食用不可）,秋,"?果で、毛に覆われて多数の種子をつける。
熟すと5裂して種子を放出する。","手のひらのような形で、浅く3-7つに裂ける。
葉の表面には白い短毛があり、触るとざらつく。","幹はよく枝分かれして横にこんもりと広がる。
",12月-2月,特になし,"自然樹形を活かす。
不要な枝や混み合った枝を間引く。
強剪定は避ける。",推奨,つきにくい,"特になし。
病害虫は少ない。",強い,強い,普通,普通,特になし
ブラシノキ,フトモモ科・ブラシノキ属,常緑,低木-高木,2m-12m,遅い,年10cm-20cm程度,"瓶を洗うブラシのような形の花が特徴。
長く伸びる赤いブラシ状の部分は雄しべ。
花弁は開花後すぐに剥落するため、雄しべが目立つ。
暑さや乾燥に強く、水はけの良い場所を好む。","独特のブラシ状の花が魅力的。
",観賞価値が高い,5月-6月,"長く伸びる赤いブラシ状の部分は雄しべ。
ピンクや白花の品種もある。",観賞価値が低い（食用不可）,秋,"虫の卵のような木質の果実が枝にまとわりつくようにできる。
内部に無数の種子を含み、成熟に時間がかかる。","長さ3-10cm、幅1cm前後の細長い形状。
硬質で、葉を揉むと独特の香りがある。","灰褐色で分岐が多く、樹齢を重ねると縦方向に剥離する。
",12月-2月,特になし,"自然樹形を活かす。
不要な枝や混み合った枝を間引く。
強剪定は避ける。",非推奨,つきにくい,"特になし。
病害虫は少ない。",強い,強い,普通,普通,移植を嫌う。
プラム,バラ科・スモモ属,落葉,小高木,2m-4m,普通,年20cm-30cm程度,"3月-4月頃に葉が出るよりも先に白い5枚の花弁を持つ花を咲かせる。
6月-9月にかけて、黄色から紅紫色に熟す果実をつける。
果肉は赤色や黄色があり、酸味があるが完熟すると甘みが出る。
自家受粉しにくい性質があるため、確実に実を付けるには別の品種を近くに植えるか、人工授粉が必要。","食用となる果実を収穫できる。
",観賞価値が低い,3月-4月,"白い5枚の花弁を持つ花。
花の直径は1.5-2cm。",観賞価値が高い（食用可）,6月-9月,"黄色から紅紫色に熟す。
表面は無毛で、白い粉（ブルーム）を吹くことがある。","長さ5-14cmの長楕円形または倒披針形。
縁には細かい鋸歯があり、秋には紅葉する。","灰暗褐色で、成木では縦に割れることがある。
",12月-2月,特になし,"自然樹形を活かす。
不要な枝や混み合った枝を間引く。
強剪定は避ける。",可,普通,"黒斑病、灰星病、チョッキリ、アブラムシ。
",強い,強い,普通,やや弱い,日当たりを好む陽樹。
ブルーベリー,ツツジ科・スノキ属,落葉,低木,1m-3m,普通,年20cm-30cm程度,"春には釣り鐘状の可愛らしい花を咲かせ、夏には青紫色の実をつける。
秋には鮮やかに紅葉する。
酸性土壌を好み、乾燥に弱い。
実を付けるためには異なる品種を2本以上植える「受粉樹」が必要。","花、実、紅葉と一年を通して楽しめる。
食用となる果実を収穫できる。",観賞価値が高い,春,"釣り鐘状の可愛らしい花。
",観賞価値が高い（食用可）,夏,"青紫色の実。
表面はブルームと呼ばれる白い粉で覆われている。","楕円形。
秋には鮮やかに紅葉する。","特になし。
",12月-2月,特になし,"自然樹形を活かす。
不要な枝や混み合った枝を間引く。
強剪定は避ける。",可,つきにくい,"特になし。
病害虫は少ない。",強い,普通,普通,弱い,特になし
ベニカナメ,バラ科・カナメモチ属,常緑,低木,2m-5m,早い,年30cm-50cm程度,"春に展開する新芽が鮮やかな赤色に染まり、成長するにつれて緑色に変化する。
刈り込みに強く、密な葉をつけるため、生垣や目隠しに利用される。
生育旺盛で、枯れにくい丈夫な性質。
初夏に小さな白い花を多数咲かせ、冬には赤い実をつける。","鮮やかな赤い新芽が魅力的。
生垣やアクセントツリーに適する。",観賞価値が低い,5月-6月,"小さな白い花。
多数咲かせる。",観賞価値が低い（食用不可）,冬,"赤い実。
","光沢のある深緑色で、革質。
新芽は鮮やかな赤色。","特になし。
",5月-7月、または9月,真夏、真冬,"樹形を整えるための定期的な剪定が必要。
強い刈り込みに耐える。
",推奨,普通,"ゴマ色斑点病、褐斑病、ルリカミキリ、カイガラムシ、アブラムシ、テッポウムシ。
",強い,強い,普通,普通,潮風に強い。
ボケ,バラ科・ボケ属,落葉,低木,1m-3m,普通,年20cm-30cm程度,"3月-4月頃に葉が芽吹くよりも先に花を咲かせる。
花の色は赤、白、ピンク、オレンジなど多様で、開花中に色が変わる品種もある。
果実は瓜に似ており、酸味や渋みが非常に強く、生食には適さない。
若い枝には褐色の毛があり、古くなると灰黒色になる.","多様な花色と咲き方が魅力的。
果実酒やジャムなどに加工できる.",観賞価値が高い,3月-4月,"赤、白、ピンク、オレンジなど多様な花色。
花びらは5枚で、一重咲きや八重咲きなど、様々な咲き方がある.",観賞価値が高い（食用可）,9月-11月,"瓜に似た楕円形。
黄色く熟し、酸味や渋みが非常に強い.","長楕円形から楕円形。
縁には細かいギザギザがあり、硬質で光沢がある.","灰褐色や灰黒色で、縦に浅く裂ける。
若い枝には褐色の毛がある.",12月-2月,特になし,"自然樹形を活かす。
不要な枝や混み合った枝を間引く。
強剪定は避ける.",可,つきにくい,"特になし。
病害虫は少ない.",強い,強い,普通,普通,特になし
ボダイジュ,アオイ科・シナノキ属,落葉,高木,8m-20m,普通,年20cm-30cm程度,"ハート形の葉が特徴で、縁には細かいギザギザがある。
5月-6月頃に淡い黄緑色の花を咲かせ、芳香がある。
果実は念珠を作るのに使われることもある。
中国原産で、仏教寺院によく植えられている。","独特の葉の形と、芳香のある花が魅力的。
",観賞価値が低い,5月-6月,"淡い黄緑色の花。
シナノキ同様の芳香がある。",観賞価値が低い（食用不可）,10月頃,"直径7-8mmほどの硬質の球形の果実（「菩提子」）。
","長さ5-10cmほどの三角形に近いハート型。
縁には細かいギザギザ（鋸歯）がある。","紫がかった灰色で、樹齢を重ねると縦に浅く裂ける。
",12月-2月,特になし,"自然樹形を活かす。
不要な枝や混み合った枝を間引く。
強剪定は避ける。",非推奨,つきにくい,"特になし。
病害虫は少ない。",強い,普通,普通,普通,湿気のある肥沃な土地を好む。
ボタン,ボタン科・ボタン属,落葉,低木,1m-2m,普通,年10cm-20cm程度,"大きく華やかな花を咲かせる。
花の色は赤、ピンク、白、黄、紫など多様。
八重咲きや千重咲きなど、様々な咲き方がある。
枝は太く、あまり分岐しない。","豪華で美しい花が魅力的。
「花の王」として親しまれる。",観賞価値が高い,4月下旬-5月上旬,"大きく華やかな花。
八重咲きや千重咲きなど、様々な咲き方がある。",観賞価値が低い（食用不可）,夏,"小さな実がつくが、目立たない。
","2回3出複葉で、小葉は卵形から広卵形。
","太く、あまり分岐しない。
",12月-2月,特になし,"自然樹形を活かす。
不要な枝や混み合った枝を間引く。
強剪定は避ける。",非推奨,つきにくい,"特になし。
病害虫は少ない。",強い,普通,普通,普通,特になし
マキ,マキ科・マキ属,常緑,高木,10m-20m,普通,年20cm-30cm程度,"葉は細長く、イヌマキとラカンマキがある。
雌雄異株で、雄花と雌花が別々の木に咲く。
潮風や大気汚染に強く、丈夫で病害虫の被害も比較的少ない。
古くから日本の庭木や生垣として親しまれる。","一年中緑を楽しめる。
様々な樹形に仕立てられる。",観賞価値が低い,5月頃,"雄花は円柱状で黄白色、雌花は小さな突起状。
",観賞価値が高い（花床は食用可、種子は有毒）,9月-10月,"丸い実が二つ連なったような形。
柔らかい赤い部分（花床）と固い緑色の部分（種子）がある。","細長い扁平な線形。
イヌマキは長さ10-15cm、ラカンマキは長さ4-8cm。","灰白色から灰褐色で、細かく薄く縦長に剥がれる。
",12月-2月,特になし,"自然樹形を活かす。
不要な枝や混み合った枝を間引く。
強剪定は避ける。",推奨,つきにくい,"特になし。
病害虫は少ない。",強い,強い,普通,強い,潮風に強い。
マキバブラシノキ,フトモモ科・ブラシノキ属,常緑,低木,1m-3m,遅い,年10cm-20cm程度,"葉はマキの葉に似た線形から披針形。
枝先に長さ約10cmの円柱形の穂状花序をつけ、赤い雄しべが目立つ。
果実は木質化した?果で、枝に5年以上残ることがある。
暑さや乾燥に強く、日当たりと水はけの良い場所を好む。","ブラシのような形の花が特徴的。
",観賞価値が高い,5月-6月,"長く伸びた赤い雄しべが目立ち、ビンを洗うブラシのように見える。
",観賞価値が低い（食用不可）,秋,"木質化した?果で、枝にまとわりつくようにできる。
","長さ約15cmの線形から披針形。
硬い革質。","灰褐色で分岐が多く、樹齢を重ねると縦方向に剥離する。
",12月-2月,特になし,"自然樹形を活かす。
不要な枝や混み合った枝を間引く。
強剪定は避ける。",非推奨,つきにくい,"特になし。
病害虫は少ない。",強い,強い,普通,強い,特になし
マサキ,ニシキギ科・ニシキギ属,常緑,低木,1m-5m,早い,年30cm-50cm程度,"厚みのあるつややかな葉が一年を通して美しい。
6月-7月頃に、淡緑色や黄緑色の目立たない小さな花を多数咲かせる。
秋から冬にかけて淡い紅紫色の果実をつけ、熟すと朱色の種子が顔を出す。
日照不足、乾燥、塩害、煙害、大気汚染、刈り込みに強く、丈夫で成長が早い。","一年中美しい葉を楽しめる。
生垣や庭木として利用される。",観賞価値が低い,6月-7月,"淡緑色や黄緑色の目立たない小さな花。
花弁は4枚で、直径は約5-7mm。",観賞価値が高い（食用不可、有毒）,10月-1月,"直径7-8mmほどの球形の果実。
淡い紅紫色に熟し、3-4つに裂け、鮮やかな朱色の仮種皮に包まれた種子が顔を出す。","厚みのあるつややかな葉。
楕円形から倒卵形で、縁には浅い鋸歯がある。","特になし。
",12月-2月,特になし,"自然樹形を活かす。
不要な枝や混み合った枝を間引く。
強剪定は避ける。",推奨,つきやすい,"うどんこ病、シャクトリムシ。
",強い,強い,普通,強い,潮風に強い。
マスカット,ブドウ科・ブドウ属,落葉,つる性木本,10m以上,早い,年50cm-100cm程度,"「麝香（ムスク）」に例えられる、顕著な甘く華やかな芳香が特徴。
淡緑色のごく小さな花を房状にたくさん咲かせる。
品種によって形、色、味、大きさなどが異なる果実をつける。
皮ごと食べられる品種や種なし品種など、多様な品種がある。","食用となる果実を収穫できる。
独特の香りが魅力的。",観賞価値が低い,5月-6月,"淡緑色のごく小さな花。
花びらは5枚あるが、開花時には取れてしまう。",観賞価値が高い（食用可）,8月-9月,"白色（黄緑色）から黒色に近いものまで幅広い色合い。
表面はブルームと呼ばれる白い粉で覆われている。","掌状に3-5裂し、縁には粗いギザギザがある。
","つる性で、他のものに絡みつきながら伸びる。
",12月-2月,特になし,"自然樹形を活かす。
不要な枝や混み合った枝を間引く。
強剪定は避ける。",可,つきやすい,"べと病、晩腐病、黒とう病、ブドウトカミキリ。
",強い,普通,普通,普通,冷涼で日中の温度差が大きい地域での栽培に適する。
マテバシイ,ブナ科・マテバシイ属,常緑,高木,20m,普通,年20cm-30cm程度,"日本産のブナ科樹木の中では最大級の葉を持つ。
葉は厚い革質で、表面は光沢のある濃緑色、裏面は灰緑褐色。
初夏に花を咲かせ、雄花穂は直立し、クリに似た独特の匂いを放つ。
どんぐりは渋みが少なく、生でも食べられる。","食用となるどんぐりを収穫できる。
",観賞価値が低い,5月-6月,"雄花穂は直立し、クリに似た独特の匂いを放つ。
雌雄同株。",観賞価値が高い（食用可）,翌々年の秋,"長さ1.5-3cmほどの細長いどんぐり。
渋みが少なく、生でも食べられる。","倒卵形で先端は鋭く尖り、鋸歯がなく全縁。
厚い革質で、表面は光沢のある濃緑色。","灰褐色で平滑、時に縦筋模様が入る。
",12月-2月,特になし,"自然樹形を活かす。
不要な枝や混み合った枝を間引く。
強剪定は避ける。",推奨,つきにくい,"特になし。
病害虫は少ない。",強い,強い,普通,強い,潮風に強い。
マユミ,ニシキギ科・ニシキギ属,落葉,低木-高木,3m-5m,普通,年20cm-30cm程度,"秋には黄色から紅色に美しく紅葉する。
5月-6月頃に淡緑色の目立たない小さな花を咲かせる。
秋に薄紅色の実が熟し、サイコロステーキのような四角い形。
材は緻密で粘りがあり、弓の材料として使われてきた。","美しい紅葉と、可愛らしい実が魅力的。
",観賞価値が低い,5月-6月,"淡緑色の目立たない小さな花。
花弁は4枚。",観賞価値が高い（食用不可、有毒）,10月-11月,"薄紅色の実が熟し、サイコロステーキのような四角い形。
熟すと4つに裂けて、中から赤い仮種皮に包まれた種子が顔を出す。","長さ5-15cmほどの楕円形または倒卵状楕円形。
縁には細かい鋸歯がある。","灰褐色で、老木になると縦に裂け目が入る。
",12月-2月,特になし,"自然樹形を活かす。
不要な枝や混み合った枝を間引く。
強剪定は避ける。",非推奨,つきにくい,"特になし。
病害虫は少ない。",強い,強い,普通,普通,特になし
マルベリー,クワ科・クワ属,落葉,高木,3m-5m,普通,年20cm-30cm程度,"ラズベリーに似た形状の果実で、食用になる。
耐寒性、耐暑性ともに強く、痩せ地でも育つ丈夫な植物。
雌雄異株で、確実に結実させるには2株以上を近くに植えるのが好ましい。
葉は蚕の飼料として有名。","食用となる果実を収穫できる。
",観賞価値が低い,4月-5月,"目立たない。
",観賞価値が高い（食用可）,5月-6月,"ラズベリーに似た形状。
最初は赤く色づき、熟すと黒くなる。","卵形から広卵形。
縁には粗い鋸歯がある。","特になし。
",12月-2月,特になし,"自然樹形を活かす。
不要な枝や混み合った枝を間引く。
強剪定は避ける。",可,つきにくい,"特になし。
病害虫は少ない。",強い,強い,普通,普通,特になし
マンサク,マンサク科・マンサク属,落葉,小高木,2m-10m,普通,年20cm-30cm程度,"2月-3月頃の早春、葉が出る前に黄色い花を咲かせ、春の訪れを告げる。
花は2cmほどの黄色く縮れた紐状の花びらを多数つける。
秋には葉色が紅葉し、赤色や黄色に美しく変化する。
樹形は自然にまとまりやすく、成長が遅いため、狭い場所でも育てやすい。","早春に咲く花と、秋の美しい紅葉が魅力的。
",観賞価値が高い,2月-3月,"黄色く縮れた紐状の花びら。
花には甘さを含む強い香りがある。",観賞価値が低い（食用不可）,秋,"熟すと割れて種子がはじける?果。
黒い種子がはじけ飛ぶ。","菱形に近い円形。
縁はギザギザした粗い鋸歯がある。","特になし。
",12月-2月,特になし,"自然樹形を活かす。
不要な枝や混み合った枝を間引く。
強剪定は避ける。",非推奨,つきにくい,"特になし。
病害虫は少ない。",強い,強い,普通,普通,湿り気のある肥沃な土地を好む。
マンリョウ,ヤブコウジ科・ヤブコウジ属,常緑,低木,0.3m-1m,遅い,年5cm-10cm程度,"冬に美しい赤い実をつけ、お正月の縁起物として人気。
実は葉の下にぶら下がるようにたくさんつく。
根元から新しい幹を出して株立ちになることもある。
半日陰で、やや湿り気のある肥沃な土壌を好む。","冬の庭を彩る赤い実が魅力的。
縁起物として親しまれる。",観賞価値が高い,7月頃,"花径1cm弱の白い5弁花。
小さく、あまり目立たない。",観賞価値が高い（食用不可）,11月中旬-1月,"赤く熟す球形の実。
白や黄色、ピンクの実をつける品種もある。","濃い緑色で、厚みがある。
葉の縁には波状の鋸歯（ギザギザ）がある。","直立し、上部で小枝をまばらに出す。
根元から新しい幹を出して株立ちになることもある。",12月-2月,特になし,"自然樹形を活かす。
不要な枝や混み合った枝を間引く。
強剪定は避ける。",非推奨,つきにくい,"特になし。
病害虫は少ない。",普通,普通,普通,普通,特になし
ミカン,ミカン科・ミカン属,常緑,低木,1m-4m,普通,年20cm-30cm程度,"冬でも葉を落とさず、一年中緑色の葉をつける。
5月頃に枝先の葉腋に白い両性花をつける。
9月-12月に熟す果実は、多汁で甘く、果皮は薄く手で剥きやすい。
比較的寒さに強く、丈夫で育てやすい。","食用となる果実を収穫できる。
",観賞価値が低い,5月,"白い両性花。
花弁は5枚で、雄しべは多数ある。",観賞価値が高い（食用可）,9月-12月,"直径5-7cmで、熟すにつれて緑色から橙色に変化する。
果肉は多汁で甘く、通常種子はない。","卵状楕円形。
先は鋭頭で、縁には浅い鋸歯があるか、ほとんど全縁。","暗褐色で滑らかだが、樹齢を重ねると縦に筋が入ることがある。
",12月-2月,特になし,"自然樹形を活かす。
不要な枝や混み合った枝を間引く。
強剪定は避ける。",可,つきにくい,"特になし。
病害虫は少ない。",強い,強い,普通,普通,特になし
ミズキ,ミズキ科・ミズキ属,落葉,高木,15m,早い,年30cm-50cm程度,"春先に枝を切ると水のような樹液が滴り落ちる。
枝が横に大きく広がり、階段状の独特な樹形になる。
5月-6月にかけて、枝先に白い小さな花をたくさん咲かせる。
成長速度が非常に速い。","独特の樹形が魅力的。
",観賞価値が低い,5月-6月,"白い小さな花。
花びらは4枚で、雄しべも4本。",観賞価値が低い（食用不可）,8月-10月,"紺色から黒色の実。
鳥の餌となる。","卵形または幅の広い楕円形。
先端は尖り、側脈が平行に走る。","特になし。
",12月-2月,特になし,"自然樹形を活かす。
不要な枝や混み合った枝を間引く。
強剪定は避ける。",非推奨,つきにくい,"特になし。
病害虫は少ない。",強い,強い,普通,普通,湿潤な場所を好む。
ミツバツツジ,ツツジ科・ツツジ属,落葉,低木,2m-3m,普通,年20cm-30cm程度,"枝先に3枚の葉が輪生するのが特徴。
4月下旬-5月上旬にかけて、葉が出るよりも先に紅紫色（薄紫色）の美しい花を咲かせる。
自然樹形が美しく、和風・洋風どちらの庭にも合う。
根が浅く張るため、乾燥には注意が必要。","葉が出る前に咲く美しい花が魅力的。
",観賞価値が高い,4月下旬-5月上旬,"紅紫色（薄紫色）の美しい花。
直径3.5-5cmほどの漏斗形で、先端が5つに裂ける。",観賞価値が低い（食用不可）,夏,"小さな実がつくが、目立たない。
","枝先に3枚の葉が輪生する。
菱形状広卵形で、若葉には腺毛があり粘り気がある。","特になし。
",12月-2月,特になし,"自然樹形を活かす。
不要な枝や混み合った枝を間引く。
強剪定は避ける。",非推奨,つきにくい,"特になし。
病害虫は少ない。",強い,強い,普通,やや弱い,特になし
ミモザ,マメ科・アカシア属,常緑,高木,5m-15m,早い,年50cm-100cm程度,"春先（3月-4月頃）に、ふわふわとした明るい黄色の小さな花をたくさん咲かせる。
成長が非常に早く、定期的な剪定が不可欠。
暑さには強いが、寒さにはやや弱い。
土中の根粒菌が窒素を吸収するため、肥料は控えめで良い。","明るい黄色の花が美しく、春の庭を彩る。
",観賞価値が高い,3月-4月,"ふわふわとした明るい黄色の小さな花。
房状に咲く。",観賞価値が低い（食用不可）,夏,"小さな実がつくが、目立たない。
","銀色がかった緑色や緑色の美しい葉。
品種によって葉の形は様々。","特になし。
",花後すぐ（4月-5月）,特になし,"樹形を保ち、大きくなりすぎないように定期的な剪定が必要。
不要な枝や混み合った枝を間引く。
強剪定は避ける。",推奨,つきにくい,"特になし。
病害虫は少ない。",普通,普通,普通,普通,特になし
ムクゲ,アオイ科・フヨウ属,落葉,低木,3m-4m,早い,年30cm-50cm程度,"夏から秋の暑い盛りに色鮮やかな花を次々と咲かせる。
花は一日花だが、次々に新しい花を咲かせるため、長期間楽しめる。
非常に丈夫で、耐寒性・耐暑性に優れており、日本全国で育てやすい。
芽吹く力が強く刈り込みによく耐えるため、様々な樹形に仕立てることが可能。","夏から秋にかけて長く花を楽しめる。
丈夫で育てやすい。",観賞価値が高い,7月-10月前半,"花の大きさは5-10cmほどで、一重咲き、半八重咲き、八重咲きがある。
花色も白、ピンク、紅紫、青紫など多様。",観賞価値が低い（食用不可）,秋,"小さな実がつくが、目立たない。
","菱形状卵形で、通常は浅く3裂する。
葉脈は基部から3本に分かれて目立つ。","幹は株立ち状でよく枝分かれし、横にも大きく枝を広げる。
樹皮は灰白色から茶褐色で、成木になると縦に浅く裂ける。",12月-2月,特になし,"自然樹形を活かす。
不要な枝や混み合った枝を間引く。
強剪定は避ける。",推奨,つきにくい,"特になし。
病害虫は少ない。",強い,強い,普通,普通,特になし
ムシカリ,スイカズラ科・ムシカリ属,落葉,小高木,2m-4m,普通,年20cm-30cm程度,"葉を虫が好んで食べることから「ムシカリ」と名付けられた。
葉は広卵形または円形で、葉脚が浅い心形。
4月-6月頃に、枝先に白い大きな装飾花と小さな両性花からなる花を咲かせる。
秋には赤色から黒色に熟す実をつける。","白い花と赤い実、そして紅葉と四季折々の変化を楽しめる。
",観賞価値が高い,4月-6月,"白い大きな装飾花（無性花）と、その中心にある小さな両性花。
",観賞価値が低い（食用不可）,9月-10月,"赤色から黒色に熟す。
","広卵形または円形で、葉脚が浅い心形。
葉脈が凹んでシワのように見える。","枝は横に長く張り、長枝と短枝が組み合わさる特徴的な形状。
",12月-2月,特になし,"自然樹形を活かす。
不要な枝や混み合った枝を間引く。
強剪定は避ける。",非推奨,つきにくい,"特になし。
病害虫は少ない。",強い,強い,普通,普通,特になし
ムベ,アケビ科・ムベ属,常緑,つる性木本,10m以上,早い,年50cm-100cm程度,"常緑で、冬でも葉が落ちない。
葉は掌状複葉で、通常5-7枚の小葉が一組になる。
4月-5月頃に雌雄同株で、葉の脇から伸びた花柄に房状の花を咲かせる。
熟すと紫色になる果実をつけるが、アケビのように自然に裂けることはほとんどない。","七五三の縁起木とされる。
",観賞価値が低い,4月-5月,"雄花は淡い紅色で、雌花は雄花より大きいが数は少ない。
花弁はなく、6枚の萼片が花弁のように見える。",観賞価値が高い（食用可）,10月-11月,"長さ5-8cmの楕円形。
熟すと紫色になる。","掌状複葉で、通常5-7枚の小葉が一組になる。
厚い革質で、深緑色で艶がある。","淡褐色から茶褐色で、成木では縦に浅く裂けて剥がれる。
",12月-2月,特になし,"自然樹形を活かす。
不要な枝や混み合った枝を間引く。
強剪定は避ける。",非推奨,つきにくい,"特になし。
病害虫は少ない。",強い,強い,普通,普通,特になし
ムラサキシキブ,シソ科・ムラサキシキブ属,落葉,低木,2m-3m,普通,年20cm-30cm程度,"秋に光沢のある小さな紫色の果実をつけ、葉の付け根あたりにまとまってつく。
赤い実をつける日本の樹木が多い中で、紫色の実をつけるのは珍しい。
6月-7月頃に淡い紫色の花を咲かせる。
日当たりが良い場所からやや日陰の場所まで幅広く植栽できる。","紫色の実が美しく、秋の庭を彩る。
",観賞価値が低い,6月-7月,"淡い紫色の花。
目立ちにくい。",観賞価値が高い（食用不可）,9月-10月,"光沢のある小さな紫色の果実。
葉の付け根あたりにまとまってつく。","菱形に近い長楕円形。
縁には細かい鋸歯がある。","特になし。
",12月-2月,特になし,"自然樹形を活かす。
不要な枝や混み合った枝を間引く。
強剪定は避ける。",非推奨,つきにくい,"特になし。
病害虫は少ない。",強い,強い,普通,普通,特になし
メギ,メギ科・メギ属,落葉,低木,0.3m-2m,遅い,年10cm-20cm程度,"葉は倒卵形または狭倒卵形で、縁にギザギザはない。
4月-5月頃に淡黄色の小さな花を2-4個下向きに咲かせる。
楕円形の液果で、10月-11月頃に赤く熟す。
根元から株立ち状に枝が密生し、こんもりとした自然樹形になる。","美しい葉色（園芸品種）と、可愛らしい花が魅力的。
生垣や庭木として利用される。",観賞価値が低い,4月-5月,"淡黄色の小さな花。
2-4個下向きに咲く。",観賞価値が高い（食用不可）,10月-11月,"楕円形の液果で、直径1cm弱。
赤く熟す。","長さ1-5cmの倒卵形または狭倒卵形。
葉裏は白っぽい。","特になし。
",12月-2月,特になし,"自然樹形を活かす。
不要な枝や混み合った枝を間引く。
強剪定は避ける。",推奨,つきにくい,"特になし。
病害虫は少ない。",強い,強い,普通,普通,特になし
メグスリノキ,ムクロジ科・カエデ属,落葉,高木,5m-25m,普通,年20cm-30cm程度,"3枚の小葉で1枚の葉を構成する「3出複葉」が特徴。
秋には鮮やかな赤色に美しく紅葉する。
樹皮、小枝、葉は乾燥させて煮出し、健康茶として利用される。
日本固有種で、目の病気や肝臓の健康に良いとされる。","美しい紅葉が魅力的。
薬用としても利用される。",観賞価値が低い,4月-5月,"淡黄色の花。
葉の展開と同時に咲く。",観賞価値が低い（食用不可）,秋,"カエデ類特有のプロペラ状の翼果。
長さは4-5cmと大きく、2つの翼が直角から鈍角に開く。","3枚の小葉で1枚の葉を構成する「3出複葉」。
小葉は楕円形で、葉の縁には低い鋸歯がある。","灰色から灰褐色で滑らかだが、成長すると縦に細かい筋が入り、割れてくる。
",12月-2月,特になし,"自然樹形を活かす。
不要な枝や混み合った枝を間引く。
強剪定は避ける。",非推奨,つきにくい,"特になし。
病害虫は少ない。",強い,強い,普通,普通,特になし
モクセイ,モクセイ科・モクセイ属,常緑,小高木,3m-6m,普通,年20cm-30cm程度,"秋に橙黄色の小さな花を多数咲かせ、非常に強い甘い香りを放つ。
キンモクセイ、ギンモクセイ、ウスギモクセイ、ヒイラギモクセイなど多様な品種がある。
日本には雄株しか渡来していないため、結実しない。
庭木や公園樹として広く植えられている。","甘く芳醇な香りが魅力的。
秋の訪れを告げる風物詩。",観賞価値が高い,9月下旬-10月中旬,"橙黄色の小さな花。
非常に強い甘い香りを放つ。",観賞価値が低い（食用不可）,特になし,"小さな実がつくが、目立たない。
","革質で、表面は緑色、裏面はやや黄色を帯びている。
キンモクセイの葉は表面がなめらかで光沢があり、縁は大きく波打つことがある。","淡灰褐色で縦に裂け目が入る。
自然樹形は球形に近く、横方向にも広がる。",花後すぐ（10月下旬頃）,特になし,"樹形を整えるための剪定。
不要な枝や混み合った枝を間引く。
強剪定は避ける。",推奨,つきにくい,"特になし。
病害虫は少ない。",普通,強い,普通,普通,特になし
モクレン,モクレン科・モクレン属,落葉,低木-高木,4m-5m,普通,年20cm-30cm程度,"3月-4月頃に、葉が出る前に大きな花を咲かせる。
花はチューリップに似た形状で、上向きに咲く。
花の色は外側が紫で内側が白い複色の花が一般的。
暑さや寒さに強く、育てやすい。","大きな花が美しく、春の庭を彩る。
",観賞価値が高い,3月-4月,"チューリップに似た形状で、上向きに咲く。
花弁は6枚で、半開きの状態で咲くことが多い。",観賞価値が低い（食用不可）,秋,"小さな実がつくが、目立たない。
","卵形。
","特になし。
",12月-2月,特になし,"自然樹形を活かす。
不要な枝や混み合った枝を間引く。
強剪定は避ける。",非推奨,つきにくい,"特になし。
病害虫は少ない。",強い,強い,普通,普通,移植を嫌う。
モチノキ,モチノキ科・モチノキ属,常緑,中高木,6m-10m,普通,年20cm-30cm程度,"樹皮から鳥黐（とりもち）が採れる。
葉は革質で濃緑色、光沢がある。
4月頃に緑がかった淡い黄色の小花を多数咲かせる。
晩秋に赤い球形の果実をつけ、冬まで楽しめる.","一年中美しい葉と赤い実を楽しめる。
縁起の良い木として親しまれる.",観賞価値が低い,4月,"緑がかった淡い黄色の小花。
花径約0.8cmと小さく、目立たない.",観賞価値が高い（食用不可）,11月,"直径10-15mmの球形の核果。
赤く熟し、冬まで枝に残る.","長さ4-7cmの楕円形・倒卵状楕円形。
革質で濃緑色、光沢がある.","灰白色で平滑.
",12月-2月,特になし,"自然樹形を活かす。
不要な枝や混み合った枝を間引く。
強剪定は避ける.",推奨,つきやすい,"カイガラムシ、すす病.
",普通,強い,普通,普通,潮風や大気汚染に強い。
モッコク,モッコク科・モッコク属,常緑,高木,6m-15m,遅い,年10cm-20cm程度,"「庭木の王様」や「三大庭木の一つ」と称される。
枝が密生し、自然に整った円錐形の樹形になる。
6月-7月頃に、白からクリーム色の花を咲かせ、芳醇な香りを放つ。
花後に赤く熟す実をつけ、皮が裂けて鮮やかな紅色の種子が顔を出す。","一年中美しい葉と、秋の赤い実が魅力的。
",観賞価値が高い,6月-7月,"白からクリーム色の花。
直径1-2cmほどで、芳醇な香りを放つ。",観賞価値が高い（食用不可）,9月-10月,"直径1-1.5cmの球形の緑色の実。
熟すと皮が不規則に裂け、鮮やかな紅色の種子が顔を出す。","卵形から倒卵形。
肉厚で光沢のある濃緑色。","灰褐色で平滑。
",12月-2月,特になし,"自然樹形を活かす。
不要な枝や混み合った枝を間引く。
強剪定は避ける。",非推奨,つきにくい,"特になし。
病害虫は少ない。",強い,強い,普通,普通,潮風や大気汚染に強い。
モミジ,ムクロジ科・カエデ属,落葉,高木,5m-25m,普通,年20cm-30cm程度,"葉の切れ込みが深く、手のひらのような形をしている。
秋には鮮やかに紅葉し、赤、橙、黄など、品種によって様々な色合いを見せる。
花は淡い色のものが多く目立ちにくい。
日なたから半日陰を好むが、夏の西日は苦手。","秋の美しい紅葉が魅力的。
日本の秋の象徴的な存在。",観賞価値が低い,4月-5月,"淡い色のものが多く目立ちにくい。
",観賞価値が低い（食用不可）,秋,"プロペラ状の翼果。
","葉の切れ込みが深く、手のひらのような形。
葉の裂片の数や縁のギザギザの形は種類によって異なる。","特になし。
",12月-2月,特になし,"自然樹形を活かす。
不要な枝や混み合った枝を間引く。
強剪定は避ける。",非推奨,つきにくい,"特になし。
病害虫は少ない。",強い,普通,普通,普通,特になし
モモ,バラ科・スモモ属,落葉,低木-小高木,3m-8m,早い,年30cm-50cm程度,"3月-4月頃に葉の展開に先立って、またはほぼ同時に淡紅色や白色の5弁花を咲かせる。
果実は球形で、縦に割れているような筋が1本ある。
果肉は水分を多く含み柔らかく、甘みが強い。
生育スピードが早く、苗木を植え付けてから2-3年後には実がなる。","美しい花と、食用となる果実が魅力的。
",観賞価値が高い,3月-4月,"淡紅色や白色の5弁花。
八重咲きの品種もある。",観賞価値が高い（食用可）,6月-9月,"球形で、縦に割れているような筋が1本ある。
果皮は薄く、表面には毛茸（もうじ）が生えている。","長さ7-16cm、幅3cm以下の細長い楕円形。
先端が尖り、縁には細かいギザギザがある。","灰褐色から暗紫褐色で滑らかだが、樹齢を重ねると不規則に剥離する。
",12月-2月,特になし,"自然樹形を活かす。
不要な枝や混み合った枝を間引く。
強剪定は避ける。",可,つきやすい,"病害虫に弱い。
うどんこ病、アブラムシなど。",強い,強い,普通,普通,日当たりを好む。
ヤツデ,ウコギ科・ヤツデ属,常緑,低木,1.5m-3m,普通,年20cm-30cm程度,"手のひら状に深く切れ込んだ大きな葉が特徴。
11月-12月にかけて、枝先に白い小さな花が球状に集まって咲く。
日陰や湿った場所にも強く、丈夫。
冬でも葉が落ちないため、目隠し用の庭木として利用される。","独特の葉の形が魅力的。
「千客万来」の縁起を担ぐ。",観賞価値が低い,11月-12月,"白い小さな花が球状に集まって咲く。
雄性先熟という特徴がある。",観賞価値が低い（食用不可、有毒）,春,"黒い実。
","手のひら状に深く切れ込んだ大きな葉。
通常7-9つ、多いものでは11つに裂ける。","特になし。
",12月-2月,特になし,"自然樹形を活かす。
不要な枝や混み合った枝を間引く。
強剪定は避ける。",非推奨,つきにくい,"特になし。
病害虫は少ない。",強い,強い,強い,普通,特になし
ヤナギ,ヤナギ科・ヤナギ属,落葉,高木,15m-25m,早い,年50cm-100cm程度,"湿潤な場所を好み、水源の近くでよく生育する。
枝が細くしなやかで、垂れ下がる種類と立ち上がる種類がある。
雌雄異株で、雄花と雌花が別の木に咲く。
初期成長が早く、成長速度が非常に速い。","優美な樹形が水辺の景観を美しく演出する。
",観賞価値が低い,春,"尾状花序（いわゆる「ヤナギの猫」）。
春早くに開花する。",観賞価値が低い（食用不可）,5月頃,"種子には白い綿毛（柳絮）があり、風によって散布される。
","互生し、線形、披針形、卵形など種類によって変化に富む。
","縦に深く裂けるものが多い。
",12月-2月,特になし,"自然樹形を活かす。
不要な枝や混み合った枝を間引く。
強剪定は避ける。",非推奨,つきにくい,"特になし。
病害虫は少ない。",強い,強い,普通,普通,湿潤な場所を好む。
ヤブコウジ,サクラソウ科・ヤブコウジ属,常緑,低木,0.1m-0.3m,遅い,年5cm-10cm程度,"小型で草のように見えるが、れっきとした樹木。
地下茎を横に伸ばして群生することが多い。
7月-8月頃に白またはピンクを帯びた白色の小さな花を咲かせる。
10月-11月頃に球形の赤い実をつけ、冬の間も楽しめる。","冬に赤い実を楽しめる。
正月飾りとしても利用される縁起物。",観賞価値が低い,7月-8月,"白またはピンクを帯びた白色の小さな花。
葉に隠れるように下向きに数輪咲く。",観賞価値が高い（食用不可）,10月-11月,"直径5-6mmほどの球形の赤い実。
冬の間も楽しめる。","濃い緑色で光沢のある長楕円形。
茎の上部に3-4枚輪生状に集まってつく。","特になし。
",12月-2月,特になし,"自然樹形を活かす。
不要な枝や混み合った枝を間引く。
強剪定は避ける。",非推奨,つきにくい,"特になし。
病害虫は少ない。",強い,強い,普通,普通,特になし
ヤブツバキ,ツバキ科・ツバキ属,常緑,高木,10m-15m,遅い,年10cm-20cm程度,"11月-4月頃に、枝先に一重の赤い花を咲かせる。
花はカップ状に開くが平開せず、花全体がポトリと落ちる。
厚く硬い革質で、表面は濃緑色で強い光沢がある葉。
成長は遅いが、材は詰まって強く堅い。","冬に花を楽しめる貴重な花木。
",観賞価値が高い,11月-4月,"一重の赤い花。
花の直径は5-7cmほどで、カップ状に開く。",観賞価値が低い（食用不可）,9月-10月,"直径2-2.5cmの球形の?果。
無毛で、熟すと3つに裂開して暗褐色の種子を出す。","長さ5-12cmの長卵形または卵状楕円形。
厚く硬い革質で、表面は濃緑色で強い光沢がある。","灰白色から灰褐色で滑らか。
",12月-2月,特になし,"自然樹形を活かす。
不要な枝や混み合った枝を間引く。
強剪定は避ける。",非推奨,つきにくい,"特になし。
病害虫は少ない。",強い,強い,普通,普通,特になし
ヤマアジサイ,アジサイ科・アジサイ属,落葉,低木,1m-2m,普通,年20cm-30cm程度,"日本の山野に自生するアジサイの原種に近い品種。
6月-7月頃に、枝先に両性花の周りを装飾花が取り囲む「ガク咲き」の花を咲かせる。
装飾花の色は白色から淡青色、淡紅色など変異が大きく、土壌の酸度によって変化する。
日陰や寒さに強く、育てやすい。","可憐な花が魅力的。
コンパクトな大きさなので、鉢植えや盆栽でも育てられる。",観賞価値が高い,6月-7月,"両性花の周りを装飾花が取り囲む「ガク咲き」。
装飾花は直径1.5-3cmで、白色から淡青色、淡紅色など変異が大きい。",観賞価値が低い（食用不可）,夏,"小さな実がつくが、目立たない。
","長さ10-15cmの長楕円形-卵状楕円形。
葉質は薄く、表面は緑色で短毛が散生し、裏面は淡白緑色。","幹は株立ちで、下部からよく分岐する。
",12月-2月,特になし,"自然樹形を活かす。
不要な枝や混み合った枝を間引く。
強剪定は避ける。",非推奨,つきにくい,"特になし。
病害虫は少ない。",強い,強い,普通,普通,湿潤な場所を好む。
ヤマザクラ,バラ科・サクラ属,落葉,高木,10m-30m,普通,年20cm-30cm程度,"花と若葉が同時に開く。
淡紅色または白色の花が2-5個まとまって咲く。
寿命が長く、樹高が30mを超える大木になることもある。
日本固有種で、日本のサクラの基本野生種の一つ。","花と若葉のコントラストが美しい。
古くから和歌にも詠まれるなど、日本人になじみ深い。",観賞価値が高い,4月中旬,"淡紅色または白色の花。
花弁は5枚の一重咲きで、中輪。",観賞価値が低い（食用不可）,5月-6月,"球形の核果が黒紫色に熟す。
","葉の裏面が帯白色になる。
葉柄には蜜腺と呼ばれる腺点が2個ある。","紫褐色または暗褐色で、横に長い皮目が多い。
",12月-2月,特になし,"自然樹形を活かす。
不要な枝や混み合った枝を間引く。
強剪定は避ける。",非推奨,つきにくい,"特になし。
病害虫は少ない。",強い,強い,普通,普通,特になし
ヤマブキ,バラ科・ヤマブキ属,落葉,低木,1m-2m,普通,年20cm-30cm程度,"4月-5月頃に、オレンジがかった濃い黄色の花を咲かせる。
花は枝先に花径4-5cmの5弁花が次々に開花する。
株立ちの樹形が特徴で、枝先が垂れ気味になることもある。
湿気を好み、耐暑性・耐寒性も強く、育てやすい。","鮮やかな黄色の花が春の庭を彩る。
「山吹色」の語源にもなっている。",観賞価値が高い,4月-5月,"オレンジがかった濃い黄色の花。
花径4-5cmの5弁花。",観賞価値が低い（食用不可）,夏,"一重咲きには実がなるが、八重咲きにはほとんど実がつかない。
","長さ4-8cmの卵形。
縁にはギザギザと細かい切れ込みが入る。","主幹はなく、地際から弓なりに伸びる枝が多数出る株立ち。
若い枝は明るい緑色で、細くしなやか。",12月-2月,特になし,"自然樹形を活かす。
不要な枝や混み合った枝を間引く。
強剪定は避ける。",非推奨,つきにくい,"特になし。
病害虫は少ない。",強い,強い,普通,普通,特になし
ヤマボウシ,ミズキ科・ヤマボウシ属,落葉,高木,10m-15m,普通,年20cm-30cm程度,"6月-7月頃に、白い花びらのように見える総苞片が美しい花を咲かせる。
総苞片の先端が尖っているのが特徴。
10月頃に熟す赤い果実は食用にできる。
自然と樹形が整いやすく、枝が横に張り出す。","美しい花と、食用となる実が魅力的。
四季折々の変化を楽しめる。",観賞価値が高い,6月-7月,"白い花びらのように見える総苞片。
総苞片の先端が尖っている。",観賞価値が高い（食用可）,10月頃,"小さな核果が集まって球形になった集合果。
熟すと橙色から赤色になる。","楕円形または卵形。
先端が尖り、葉脈が目立ち、縁は波打つような形。","赤褐色で、うろこ状に剥がれる。
",12月-2月,特になし,"自然樹形を活かす。
不要な枝や混み合った枝を間引く。
強剪定は避ける。",非推奨,つきにくい,"特になし。
病害虫は少ない。",強い,強い,普通,普通,特になし
ヤマモミジ,ムクロジ科・カエデ属,落葉,高木,5m-10m,普通,年20cm-30cm程度,"掌状に7-9つに裂け、葉の直径はイロハモミジよりやや大きめ。
秋には赤、オレンジ、黄色など多様に紅葉・黄葉する。
日当たりと風通しが良く、水はけの良い場所を好む。
日本海側の山地に自生する。","美しい紅葉が魅力的。
自然な樹形が美しい。",観賞価値が低い,5月,"小さく、淡い紅色。
雌雄同株で、雄花と両性花が混じって咲く。",観賞価値が低い（食用不可）,秋,"プロペラ状の翼果。
2つの種子がほぼ水平に開いてつき、秋に褐色に熟す。","掌状に7-9つに裂け、葉の直径はイロハモミジよりやや大きめ。
葉の縁には不揃いな二重のギザギザ（重鋸歯）がある。","若木では滑らかだが、成長すると縦に浅く裂ける暗灰褐色。
",12月-2月,特になし,"自然樹形を活かす。
不要な枝や混み合った枝を間引く。
強剪定は避ける。",非推奨,つきにくい,"特になし。
病害虫は少ない。",強い,普通,普通,普通,特になし
ヤマモモ,ヤマモモ科・ヤマモモ属,常緑,高木,5m-10m,普通,年20cm-30cm程度,"光沢のある濃い緑色の葉が特徴で、一年中緑を楽しめる。
雌雄異株で、雌株には初夏に暗赤色の球形の実がなる。
根に根粒菌を持つため肥料分の少ない土地でも生育できる。
大気汚染や乾燥にも強く、海岸沿いや崖沿いなど植物が育ちにくい場所にも自生する。","食用となる果実を収穫できる。
葉の密度が高いため、目隠しにもなる。",観賞価値が低い,4月,"茶色く目立たない小さな花。
",観賞価値が高い（食用可）,6月-7月,"直径1-3cm程度の暗赤色の球形の実。
表面にはきめ細かい突起があり、甘酸っぱい。","長さ5-10cmほどの細長い葉。
表面に光沢があり、枝の先にやや束状に集まってつく。","特になし。
",12月-2月,特になし,"自然樹形を活かす。
不要な枝や混み合った枝を間引く。
強剪定は避ける。",非推奨,つきにくい,"特になし。
病害虫は少ない。",強い,強い,普通,強い,特になし
ユーカリ,フトモモ科・ユーカリ属,常緑,高木,5m-15m,早い,年50cm-100cm程度,"光の加減でシルバーやグリーンに見える美しい葉が特徴。
独特の清涼感のある香りがある。
成長が非常に早く、根を深く伸ばし地下水を吸い上げる力が強い。
乾燥に強く、湿度の高い環境は苦手。","美しい葉色と香りが魅力的。
コアラが食べる植物として有名。",観賞価値が低い,春,"目立たない。
",観賞価値が低い（食用不可）,秋,"小さな実がつくが、目立たない。
","光の加減でシルバーやグリーンに見える美しい葉。
幼木の時は幅が広く丸い葉が多いが、成長すると細長い葉になる種類もある。","特になし。
",12月-2月,特になし,"自然樹形を活かす。
不要な枝や混み合った枝を間引く。
強剪定は避ける。",非推奨,つきにくい,"特になし。
病害虫は少ない。",普通,普通,普通,強い,特になし
ユキヤナギ,バラ科・シモツケ属,落葉,低木,1m-2m,早い,年30cm-50cm程度,"3月-5月にかけて、雪が積もったように見える白い小さな花を枝いっぱいに咲かせる。
枝は細く、弓状に長く伸びて垂れ下がる。
非常に丈夫で育てやすく、病害虫にも強い。
秋には黄色や朱色に紅葉する。","雪が積もったような花が可憐で美しい。
",観賞価値が高い,3月-5月,"直径約8mmの白色の5弁花。
2-7個ずつ、前年に伸びた枝の葉腋に多数つける。",観賞価値が低い（食用不可）,夏,"小さな実がつくが、目立たない。
","長さ2-5cmの狭披針形。
葉の縁には細かい鋸歯がある。","細く、弓状に長く伸びて垂れ下がる。
",12月-2月,特になし,"自然樹形を活かす。
不要な枝や混み合った枝を間引く。
強剪定は避ける。",推奨,つきにくい,"特になし。
病害虫は少ない。",強い,強い,普通,普通,特になし
ユズ,ミカン科・ミカン属,常緑,小高木,3m-8m,遅い,年10cm-20cm程度,"柑橘類の中では比較的寒さに強い。
葉柄に広い翼があり、葉をちぎると強い芳香がある。
鋭いトゲがあるのが一般的だが、トゲが少ない品種もある。
初夏に白い5弁花を咲かせ、芳香がある。","独特の香りの果皮が魅力的。
冬至にはユズ湯として親しまれる。",観賞価値が低い,5月-6月,"白い5弁花。
芳香がある。",観賞価値が高い（食用可）,10月-12月,"表面がでこぼこした黄色い果実。
果汁は酸味が強く生食には向かないが、果皮には独特の強い芳香がある。","革質で、葉柄に広い翼がある。
葉の内部には油点が点在し、ちぎると強い芳香がある。","特になし。
",3月上旬-4月上旬,特になし,"自然樹形を活かす。
不要な枝や混み合った枝を間引く。
強剪定は避ける。",可,つきやすい,"カイガラムシ類、アブラムシ類、カミキリムシ、ハモグリガ。
",強い,強い,普通,普通,特になし
ユスラウメ,バラ科・サクラ属,落葉,低木,2m-3m,普通,年20cm-30cm程度,"3月下旬-4月頃に、葉が開く前かほぼ同時に、ウメに似た直径1.5-2cmほどの5弁花を咲かせる。
梅雨時（6月-7月頃）に直径約1cmの球形の果実がたわわに実り、赤く熟す。
細い幹が複数生じて株立ち状になる。
暑さや寒さに強く、病害虫にも比較的強い。","可憐な花と、食用となる実が魅力的。
",観賞価値が高い,3月下旬-4月,"ウメに似た直径1.5-2cmほどの5弁花。
白から淡い紅色。",観賞価値が高い（食用可）,6月-7月,"直径約1cmの球形の果実。
赤く熟し、サクランボのように表面に艶がある。","長さ3-7cmほどの倒卵形。
先端は尖り、縁には不規則な鋸歯がある。","細い幹が複数生じて株立ち状になる。
",12月-2月,特になし,"自然樹形を活かす。
不要な枝や混み合った枝を間引く。
強剪定は避ける。",可,つきにくい,"特になし。
病害虫は少ない。",強い,強い,普通,普通,特になし
ライラック,モクセイ科・ハシドイ属,落葉,低木,2m-5m,普通,年20cm-30cm程度,"4月-5月頃に、淡い紫色や白、青、淡い紅色など多様な花色の花を咲かせる。
甘い芳香を放ち、香水の原料にもなる。
非常に耐寒性が強く、冷涼な気候を好む。
花びらが5枚の「ハッピーライラック」は幸運のシンボルとされる。","甘い香りの花が魅力的。
春の庭を彩る。",観賞価値が高い,4月-5月,"淡い紫色が有名だが、白、青、淡い紅色、濃い紅色、赤紫色など多様な花色。
枝先の葉の付け根から円錐花序を直立させ、小さな花を多数つける。",観賞価値が低い（食用不可）,夏,"小さな実がつくが、目立たない。
","青緑色の葉はやや硬く光沢があり、葉先がとがった幅の広いたまご形。
枝から対になって生じる。","淡い灰褐色で縦に裂けて剥がれる。
",12月-2月,特になし,"自然樹形を活かす。
不要な枝や混み合った枝を間引く。
強剪定は避ける。",非推奨,つきにくい,"特になし。
病害虫は少ない。",強い,弱い,普通,普通,特になし
ラカンマキ,マキ科・マキ属,常緑,高木,5m,遅い,年10cm-20cm程度,"イヌマキの変種で、葉はイヌマキよりも短く密生する。
枝はよく分枝し、刈り込みにも強いため、好みの樹高や樹形に仕立てやすい。
雌雄異株で、雄花は円柱状で目立つが、雌花は小さく目立ちにくい。
成長が比較的遅いため、一度仕立てるとその美観が長く保たれる。","葉が密に茂り上品な仕上がりになる。
生垣や盆栽に利用される。",観賞価値が低い,5月-6月,"雄花は円柱状で目立つが、雌花は小さく目立ちにくい。
",観賞価値が高い（花床は食用可、種子は有毒）,秋,"果実は花床と呼ばれる基部の膨らみの先に実る。
花床は熟すと赤紫色になり、食べられる。","細長く柔らかい葉。
表面は深緑色で光沢があり、裏面は薄緑色。","特になし。
",4月-6月、または9月-10月,真夏、真冬,"樹形を整えるための定期的な剪定が必要。
込み合った枝や古い枝を切って風通しを良くする。
強剪定は避ける。",推奨,つきにくい,"アブラムシ、カイガラムシ。
",強い,強い,普通,普通,潮風や大気汚染に強い。
リキュウバイ,バラ科・ヤナギザクラ属,落葉,低木,3m-4m,普通,年20cm-30cm程度,"4月-5月頃に、梅や桜に似た白色の5弁花を咲かせる。
花弁の基部が細くくびれて隙間ができ、そこから白色の萼片がのぞく。
自然に傘状の樹形になる。
病害虫の被害が少ない丈夫な樹木。","清楚で控えめな雰囲気の花が魅力的。
茶花としても愛される。",観賞価値が高い,4月-5月,"直径2.5-4cmほどの白色の5弁花。
枝先に総状花序を出し、6-10個の花をつける。",観賞価値が低い（食用不可）,8月-9月,"乾いた果実ができ、褐色に熟す。
断面は星形になる。","長さ4-6cmの長楕円形。
縁には粗いギザギザがあり、裏面は白っぽい。","特になし。
",12月-2月,特になし,"自然樹形を活かす。
不要な枝や混み合った枝を間引く。
強剪定は避ける。",非推奨,つきにくい,"特になし。
病害虫は少ない。",強い,強い,普通,普通,特になし
リュウキュウハゼ,ウルシ科・ウルシ属,落葉,高木,10m,普通,年20cm-30cm程度,"奇数羽状複葉で、9-19枚の小葉から構成される。
5月-6月頃に黄緑色の小さな花を円錐花序に咲かせる。
秋に扁平な球形の核果が熟し、木蝋が採取される。
秋には美しく紅葉する。","美しい紅葉が魅力的。
",観賞価値が低い,5月-6月,"黄緑色の小さな花。
円錐花序に咲く。",観賞価値が低い（食用不可、有毒）,秋,"直径5-15mmほどの扁平な球形の核果。
熟すと淡褐色になる。","奇数羽状複葉で、9-19枚の小葉から構成される。
表面は濃い緑色で光沢があり、裏面は灰白色。","特になし。
",12月-2月,特になし,"自然樹形を活かす。
不要な枝や混み合った枝を間引く。
強剪定は避ける。",非推奨,つきにくい,"特になし。
病害虫は少ない。",強い,強い,普通,普通,特になし
リョウブ,リョウブ科・リョウブ属,落葉,小高木,8m-10m,普通,年20cm-30cm程度,"茶褐色の樹皮が古くなると薄片となって剥がれ落ち、サルスベリのように滑らかなまだら模様になる。
7月-9月頃に、枝先に白色の小さな花を多数咲かせる。
若葉は食用になり、「リョウブ飯」として利用された。
日本固有種。","美しい幹肌が魅力的。
",観賞価値が低い,7月-9月,"ウメの花に似た白色の小さな花。
枝先に長さ10-20cmほどの総状花序を円錐状に出し、多数咲かせる。",観賞価値が低い（食用可）,10月-11月,"直径3-4mmの球形または扁球形の?果。
褐色に熟し、裂開して多数の種子を出す。","枝先に集まって互生し、倒卵状長楕円形。
縁には鋭い鋸歯がある。","茶褐色で、古くなると薄片となって剥がれ落ち、サルスベリのように滑らかなまだら模様になる。
",12月-2月,特になし,"自然樹形を活かす。
不要な枝や混み合った枝を間引く。
強剪定は避ける。",非推奨,つきにくい,"特になし。
病害虫は少ない。",強い,強い,普通,普通,特になし
リンゴ,バラ科・リンゴ属,落葉,高木,2m-5m,普通,年20cm-30cm程度,"4月-5月頃に、蕾はピンク色だが開花すると白やピンクがかった白色になる花を咲かせる。
10月-11月頃に赤色や黄色などに熟す果実がなる。
寒さに強く、冷涼な地域での栽培が適している。
多くの品種で、異なる品種の花粉が必要な「受粉樹」が必要。","食用となる果実を収穫できる。
",観賞価値が低い,4月-5月,"直径3-4cmの5弁花が数輪まとまって咲く。
蕾はピンク色だが、開花すると白やピンクがかった白色になる。",観賞価値が高い（食用可）,10月-11月,"直径4-12cmの球形または扁球形。
赤色や黄色などに熟す。","楕円形または卵形。
縁にギザギザ（鋸歯）がある。","幹は曲がりくねっており、建材としての利用は難しい。
",12月-2月,特になし,"自然樹形を活かす。
不要な枝や混み合った枝を間引く。
強剪定は避ける。",可,つきやすい,"病害虫がつきやすい。
",強い,強い,普通,普通,特になし
レッドロビン,バラ科・カナメモチ属,常緑,低木,2m-5m,早い,年30cm-50cm程度,"春に展開する新芽が鮮やかな赤色に染まり、成長するにつれて緑色に変化する。
成長が早く、刈り込みに強いため、生垣として広く利用される。
丈夫で病気に強く、強い剪定にも耐える。
葉は光沢のある濃緑色で、新芽には特につやがある。","鮮やかな赤い新芽が魅力的。
生垣やアクセントツリーに適する。",観賞価値が低い,4月-6月,"白い小さな花。
頻繁に刈り込まれるため、花や実を見る機会は少ない。",観賞価値が低い（食用不可）,秋,"赤い実がつくが、頻繁に刈り込まれるため、花や実を見る機会は少ない。
","光沢のある濃緑色。
新芽は鮮やかな赤色。","特になし。
",通年（真夏・真冬を除く）,真夏、真冬,"樹形を整えるための定期的な剪定が必要。
強い刈り込みに耐える。
",推奨,つきにくい,"ゴマ色斑点病、褐斑病、ルリカミキリ、カイガラムシ、アブラムシ、テッポウムシ。
",強い,強い,普通,普通,特になし
レッドスター,キジカクシ科・コルジリネ属,常緑,低木,0.4m-2m,遅い,年10cm-20cm程度,"赤茶色のアンティークな色合いと、鋭く尖った形が特徴。
耐暑性・耐寒性ともに優れており、初心者でも育てやすい。
成長速度は遅い。
落葉しないため、一年中変わらない姿を楽しむことができる。","赤茶色の葉が美しく、庭や寄せ植えのアクセントになる。
",観賞価値が高い,夏,"白く小さな花。
",観賞価値が低い（食用不可）,秋,"小さな実がつくが、目立たない。
","赤茶色のアンティークな色合いと、鋭く尖った形。
","特になし。
",12月-2月,特になし,"自然樹形を活かす。
不要な枝や混み合った枝を間引く。
強剪定は避ける。",非推奨,つきにくい,"特になし。
病害虫は少ない。",強い,強い,普通,普通,特になし
ルベラ,ミカン科・ミヤマシキミ属,常緑,低木,0.5m-1m,遅い,年5cm-10cm程度,"小さな真紅の蕾が10月頃から付き始め、そのまま冬を越し、春の3月頃に白い花を咲かせる。
蕾と花のコントラストが美しい。
耐寒性があり、日向から半日陰まで対応できるため栽培は比較的容易。
冬の庭を彩るのに適しており、クリスマスやお正月の寄せ植えにも利用される。","冬に美しい蕾と花を楽しめる。
",観賞価値が高い,3月,"小さな真紅の蕾が付き、春に白い花を咲かせる。
",観賞価値が低い（食用不可）,夏,"小さな実がつくが、目立たない。
","特になし。
","特になし。
",12月-2月,特になし,"自然樹形を活かす。
不要な枝や混み合った枝を間引く。
強剪定は避ける。",非推奨,つきにくい,"特になし。
病害虫は少ない。",強い,普通,普通,普通,特になし
レモン,ミカン科・ミカン属,常緑,低木,2m-4m,普通,年20cm-30cm程度,"白く可愛らしい花を咲かせ、爽やかな香りがする。
春から秋にかけて花と実をつける四季咲き性。
果実は強い酸味と爽やかな香りが特徴。
柑橘類の中では耐寒性が弱い。","食用となる果実を収穫できる。
",観賞価値が低い,5月-6月,"白く可愛らしい花。
芳香がある。",観賞価値が高い（食用可）,10月-12月,"表面がでこぼこした黄色い果実。
強い酸味と爽やかな香りが特徴。","革質で、葉柄に広い翼がある。
葉の内部には油点が点在し、ちぎると強い芳香がある。","トゲがあるのが一般的だが、トゲが少ない品種もある。
",3月上旬-4月上旬,特になし,"自然樹形を活かす。
不要な枝や混み合った枝を間引く。
強剪定は避ける。",可,つきやすい,"カイガラムシ類、アブラムシ類、カミキリムシ、ハモグリガ。
",弱い,強い,普通,普通,特になし
レンギョウ,モクセイ科・レンギョウ属,落葉,低木,2m-3m,早い,年30cm-50cm程度,"春に鮮やかな黄色の花を咲かせる。
枝はよく伸びて垂れ下がり、地面につくと根付いて新しい株を増やす。
暑さや寒さに強く、丈夫で育てやすい。
枝を縦に切ると、節の部分を除いて中空になっている。","鮮やかな黄色の花が春の庭を彩る。
",観賞価値が高い,3月中旬-4月中旬,"鮮やかな黄色の花。
花は4弁で、鈴のような形をしている。",観賞価値が低い（食用不可）,秋,"直径3-4mmの球形または扁球形の?果。
","卵形で、先は鋭く尖り、縁には鋸歯がある。
","特になし。
",12月-2月,特になし,"自然樹形を活かす。
不要な枝や混み合った枝を間引く。
強剪定は避ける。",推奨,つきにくい,"特になし。
病害虫は少ない。",強い,強い,普通,普通,特になし
ロウバイ,ロウバイ科・ロウバイ属,落葉,低木,2m-4m,普通,年20cm-30cm程度,"12月-2月にかけて、葉が出る前にロウ細工のような光沢がある淡い黄色の花を咲かせる。
甘く芳しい香りが特徴。
細い枝が横に広がる自然樹形が美しい。
暑さや寒さに強く、育てやすい。","冬の寒い時期に咲く花が魅力的。
甘い香りが楽しめる。",観賞価値が高い,12月-2月,"ロウ細工のような光沢がある淡い黄色の花。
花弁と萼片の区別がなく、多数の花被片がらせん状についている。",観賞価値が低い（食用不可、有毒）,夏,"木質化して褐色になり、中に5-20個の黒い種子が入っている。
","長楕円形または卵状長楕円形。
質はやや薄くざらつく。","淡灰黒色で、横に長い皮目がある。
",12月-2月,特になし,"自然樹形を活かす。
不要な枝や混み合った枝を間引く。
強剪定は避ける。",非推奨,つきにくい,"特になし。
病害虫は少ない。",強い,強い,普通,普通,特になし
ローリエ,クスノキ科・ゲッケイジュ属,常緑,高木,10m-15m,普通,年20cm-30cm程度,"光沢のあるきれいな緑色の葉をつけ、葉縁が波打っている。
葉には清涼感のある爽やかさと甘さを感じる香りがあり、乾燥させると香りが強くなる。
4月-5月頃にクリーム色や黄色の小さな花を咲かせる。
雌雄異株で、日本では雌株が少ないため実を見る機会はあまりない。","料理の香り付けや臭み消しに利用される。
古代ギリシャでは勝利と栄光のシンボルとされた。",観賞価値が低い,4月-5月,"クリーム色や黄色の小さな花。
",観賞価値が低い（食用不可）,秋,"黒紫色の実がつくが、日本では実を見る機会はあまりない。
","光沢のあるきれいな緑色の葉。
葉縁が波打っている。","特になし。
",12月-2月,特になし,"自然樹形を活かす。
不要な枝や混み合った枝を間引く。
強剪定は避ける。",推奨,つきにくい,"特になし。
病害虫は少ない。",強い,強い,普通,普通,特になし
アガベ,キジカクシ科・リュウゼツラン属,常緑,低木,0.5m-2m,遅い,年数cm程度,"肉厚で鋭いトゲを持つ葉がロゼット状に広がる多肉植物。
乾燥地帯原産で非常に強健。
数十年かけて一度だけ花を咲かせ、枯れる「センチュリー・プランツ」。
品種により大きさや葉色が多様。","彫刻のような美しいフォルム。
ドライガーデンやモダンな庭の主役に最適。",観賞価値あり（開花は稀）,夏（数十年の一度）,長い花茎を伸ばし、黄色い花を咲かせる。,なし,秋,特になし,"肉厚で硬く、鋭いトゲがある。
色は青緑、斑入りなど様々。",茎は短く、葉に隠れて見えないことが多い。,春・秋,真夏・真冬,"下葉が枯れたら切り取る程度。
トゲが危険なため、先端を切ることもある。",不可,つきにくい,アザミウマ、カイガラムシ,品種による（強い～やや弱い）,強い,弱い（日光を好む）,強い,品種によって耐寒性が大きく異なるため、選定時に注意が必要。
ウチワサボテン,サボテン科・オプンチア属,常緑,低木,1m-2m,普通程度,年10-30cm程度,"平べったい団扇のような茎節がつながるサボテン。
暑さ乾燥に強く、強健。
美しい花や食用になる実をつける品種もある。","ユニークな形状が庭のアクセントになる。
ドライガーデンに最適。",観賞価値が高い,6月-8月,黄色や赤、オレンジの鮮やかな花を咲かせる。,利用価値あり,秋,赤紫色の実（トゥナ）がなり、食用になる品種もある。,"葉は退化してトゲになっている。
茎節が葉のように見える。",木質化して茶色くなることがある。,春・秋,真夏・真冬,"伸びすぎた茎節を節のところで切り取る。
「胴切り」といわれる。",不可,つきにくい,カイガラムシ,やや弱い（0度以上推奨）,強い,弱い,強い,耐寒性は品種による。寒冷地では鉢植え推奨。
エメラルドグリーン,ヒノキ科・クロベ属,常緑,中木,3m-5m,普通程度,年30cm程度,"美しい円錐形にまとまるコニファーの代表種。
ニオイヒバの園芸品種（スマラグ）。
葉が密生し、目隠しにも適している。","鮮やかな緑色の葉が一年中楽しめる。
整った樹形が洋風ガーデンに合う。",観賞価値が低い,4月-5月,目立たない小さな花。,観賞価値が低い,10月-11月,茶色い小さな球果。,"光沢のある鮮やかな緑色の鱗葉。
寒さにあたっても変色しにくい。",赤褐色の樹皮。,3月-4月、9月-10月,真夏・真冬,"自然に樹形が整うため、刈り込みは最小限で良い。
透かし剪定で内部の蒸れを防ぐ。",可,つきやすい,ハダニ、カイガラムシ、ミノムシ,強い,やや弱い（蒸れに注意）,普通程度,普通程度,北海道でも植栽可能。夏の蒸れに弱いので風通しを良くする。
エレガンテシマ,ヒノキ科・コノテガシワ属,常緑,中木,4m-6m,普通程度,年30cm程度,"コノテガシワの園芸品種。
季節によって葉色が変化するのが特徴。
縦に伸びる円錐形の樹形。","黄金色から赤褐色へ変化する葉色が美しい。
ガーデニングの定番コニファー。",観賞価値が低い,3月-4月,目立たない。,観賞価値が低い,10月,金平糖のような形の球果。,"平たい鱗状の葉。
春〜夏は黄金色、冬は赤褐色になる。",赤褐色。,3月、9月-10月,真夏・真冬,"刈り込みに強い。
芯を止めて高さを調整する。",推奨,つきにくい,ハダニ,強い,強い,普通程度,強い,非常に丈夫で育てやすい。
コノテガシワ,ヒノキ科・コノテガシワ属,常緑,中木,5m-10m,普通程度,年30cm程度,"中国原産の常緑針葉樹。
葉が子供の手のひらのように垂直に立つのが名前の由来。
丈夫で公害にも強い。","独特の葉の付き方と丸い樹形。
和風・洋風問わず使える。",観賞価値が低い,3月-4月,目立たない。,観賞価値あり,10月,薄青色から褐色に熟す、角のある独特な形の実。,表裏の区別がない平たい葉が垂直に並ぶ。,灰褐色で縦に裂ける。,3月、6月、9月-10月,真夏・真冬,"萌芽力が強く刈り込みに耐える。
内部が蒸れやすいため透かし剪定を行う。",推奨,つきにくい,ハダニ,強い,強い,普通程度,強い,実は漢方薬（柏子仁）として使われる。
ゴールドクレスト,ヒノキ科・イトスギ属,常緑,中木,5m-10m,早い,年50cm-1m程度,"明るい黄緑色の葉と、シトラス系の香りが特徴。
クリスマスツリーとして人気。
成長が非常に早く、根が浅いため倒れやすい。","輝くような明るい葉色が庭を明るくする。
香りが良い（サンショウの香り）。",観賞価値が低い,5月-6月,目立たない。,観賞価値が低い,秋,小さな球果。,"柔らかい鱗葉で、春〜秋は鮮やかな黄緑色。
冬は少しオレンジがかる。",赤褐色。,3月-6月、9月-10月,真夏・真冬,"金属のハサミを嫌う（切り口が茶色くなる）ため、手で摘むのが理想。
刈り込みも可能だが、蒸れに注意。",可,つきにくい,ハダニ、枯れ込み病,やや弱い（0度以上推奨）,弱い（蒸れに弱い）,普通程度,やや強い,日本の高温多湿に弱く、大きくなると枯れ込みやすい消耗品的な側面も。
タラノキ2,ウコギ科・タラノキ属,落葉,低木,2m-4m,早い,年50cm-1m程度,"春の山菜「タラの芽」が収穫できる木。
本来はトゲが多いが、庭木や栽培用にはトゲなし品種（メダラ）が向く。
日当たりを好み、荒れ地でも育つパイオニア植物。","山菜としての収穫の楽しみ。
野趣あふれる樹形。",観賞価値あり,8月,枝先に小さな白い花が集まって咲く。,観賞価値あり,10月-11月,黒く熟す小さな実。,"大きな羽状複葉（2回〜3回）。
長さ1mにもなり、南国風の雰囲気もある。","トゲがある（メダラは少ない）。
一本立ちになりやすい。",落葉期（12月-3月）,芽吹き時（4月-5月）,"収穫後に切り戻すことで高さを抑える。
「ふかし栽培」用に短く切ることもある。",不可,普通程度,カミキリムシ、アブラムシ,強い,強い,普通程度,強い,地下茎で増えすぎるため、根域制限が必要な場合がある。
ダジリリオン,キジカクシ科・ダシリリオン属,常緑,低木,1m-2m,非常に遅い,年数cm程度,"メキシコ原産の乾燥地帯の植物。
細長い葉が放射状に広がり、成長すると太い幹ができる。
非常に強健で、ドライガーデンの主役になる。","トゲのある幾何学的な葉の広がりが美しい。
ワイルドで彫刻的な存在感。",観賞価値が高い,数年に一度,非常に長い花茎を伸ばし、クリーム色の花を咲かせる。,なし,-,特になし,"硬く細長い葉で、縁に鋭いトゲがある（品種による）。
先端が筆のようにばらける。",太くゴツゴツしており、古くなると黒ずむ。,春・秋,真夏・真冬,"下葉が枯れたら根元から切り取る。
丸く整えるようにカットすることもある。",不可,つきにくい,特になし,強い（-10度程度）,強い,普通程度,強い,成長が非常に遅いため、完成形の株を購入するのが一般的。
ニオイヒバ2,ヒノキ科・クロベ属,常緑,高木,10m-20m,普通程度,年30cm程度,"北米原産の常緑針葉樹。
葉を揉むと甘い パイナップルや柑橘のような香りがする。
寒さに非常に強く、北海道でも生垣に使われる。","美しい円錐形の樹形と、一年中緑を保つ葉。
香りの良さ。",観賞価値が低い,4月-5月,目立たない。,観賞価値が低い,10月,小さな球果。,"鱗状の葉が平面的に広がる。
表は濃い緑、裏は黄緑。",赤褐色で縦に剥がれる。,3月、6月、9月,真夏・真冬,"刈り込みに強く、生垣に仕立てやすい。
芯を止めて高さを管理する。",推奨,つきにくい,ハダニ、ミノムシ,非常に強い,やや弱い（蒸れに注意）,普通程度,普通程度,水はけのよい場所を好む。
ニューサイラン,ススキノキ科（ワスレグサ科）・フォルミウム属,常緑,多年草（低木扱い）,1m-3m,普通程度,年20-30cm程度,"ニュージーランド原産の多年草（庭木として扱われることが多い）。
剣のような長い葉が株元から扇状に広がる。
カラーリーフとして非常に人気。","スタイリッシュでモダンな葉姿。
赤、銅、斑入りなど葉色が豊富。",観賞価値あり,夏（稀）,長い茎を伸ばし、赤や黄色の花を咲かせるが、日本では稀。,なし,-,特になし,"硬く長い剣状の葉。
繊維が強く丈夫。",茎はなく、根元から葉が出る。,春・秋,真夏・真冬,"古くなって傷んだ外側の葉を根元から切り取る。
株分けで増やす。",不可,つきにくい,特になし,普通程度（-5度程度）,強い,普通程度,強い,寒冷地では冬に防寒が必要。品種により耐寒性が異なる。
ハシラサボテン,サボテン科・柱サボテン類,常緑,低木,1m-5m,普通程度,年10-30cm程度,"柱状に上に伸びるサボテンの総称（鬼面角など）。
トゲが少なく、シンプルなフォルムが人気。
乾燥に強く、手間がかからない。","垂直に伸びるラインが建築的で美しい。
モダンな庭やドライガーデンに合う。",観賞価値が高い,夏の夜,一夜限りの大きな豪華な花を咲かせることがある。,観賞価値あり,秋,赤く甘い実（カクタスフルーツ）がなる場合がある。,"葉は退化している。
緑色の多肉質の茎が光合成を行う。",古くなると木質化する。,春〜秋,冬,"伸びすぎたら「胴切り」で短くする。
切った上部は挿し木にできる。",不可,つきにくい,カイガラムシ,やや弱い（0度以上推奨）,強い,弱い,非常に強い,過湿に弱いので水はけの良い土壌必須。
ヒマラヤスギ,マツ科・ヒマラヤスギ属,常緑,高木,20m-30m,早い,年50cm以上,"世界三大公園木の一つ。
水平に広がる枝と、垂れ下がる枝先が優美。
非常に大きくなるため、広いスペースが必要。","雄大な樹形と銀緑色の葉。
松ぼっくりは「シダーローズ」としてリース飾りに人気。",観賞価値が低い,10月-11月,目立たない。,観賞価値が高い,翌年の10月-11月,バラの花のような形の球果（シダーローズ）。,"針状の葉が束状につく。
銀色がかった緑色が美しい。",灰褐色で鱗片状に剥がれる。,4月-5月、10月-11月,真夏・真冬,"大きくなりすぎるため、芯止めや透かし剪定で抑制する。
刈り込みも可能だが自然樹形が美しい。",可,普通程度,マツカレハ（毛虫）,強い,強い,普通程度,強い,根が浅く、巨木になると倒木の恐れがある。
ブルーアイス,ヒノキ科・ホソイトスギ属,常緑,高木,5m-10m,非常に早い,年60cm以上,"アリゾナイトスギの園芸品種。
もっとも青みが強いコニファーの一つ。
香りが非常に良く、クリスマスの装飾に使われる。","雪をかぶったようなシルバーブルーの葉色。
爽やかな森林の香り。",観賞価値が低い,春,目立たない。,観賞価値あり,秋,白粉を帯びた球果。,"柔らかい鱗葉で、独特の銀白色。
触っても痛くない。",赤褐色で剥がれやすい。,3月-6月、9月-10月,真夏・真冬,"成長が早いため、こまめな剪定と芯止めが必要。
枝が柔らかく枝垂れやすい。",可,つきにくい,特になし,強い,普通程度（蒸れに弱い）,普通程度,強い,根が浅く、成長が早いため、台風などで非常に倒れやすい。支柱必須。
ブルーヘブン,ヒノキ科・ビャクシン属,常緑,中木,3m-5m,普通程度,年30-40cm程度,"コロラドビャクシンの園芸品種。
整った円錐形に育つ。
青緑色の葉が一年中美しい。","スリムな樹形で場所をとりにくい。
コニファーの中では比較的病害虫に強い。",観賞価値が低い,4月,目立たない。,観賞価値実,秋,白粉を帯びた青黒い実。,シャープな鱗葉で、青みがかった銀緑色。,赤褐色。,3月-4月,真夏・真冬,"自然に形が整うが、刈り込みや透かし剪定で維持する。
鉄サビ病対策でナシ亜科の近くには植えない。",可,普通程度,赤星病（ナシなどの果樹に感染させる）,強い,普通程度,普通程度,普通程度,梨園の近くには植栽禁止の条例がある地域も。
ホンコンエンシス,ミズキ科・サンシュユ属（ヤマボウシ亜属）,常緑,中木,3m-5m,普通程度,年30-50cm程度,"常緑ヤマボウシの代表的な品種。
一年中葉があり、花も実も楽しめる。
従来のヤマボウシより花付きが良い。","またたく間にシンボルツリーの定番になった。
花・実・紅葉・常緑と観賞期間が長い。",観賞価値が高い,5月-6月,白〜クリーム色の4枚の総苞片（花びら）が木を覆う。,観賞価値あり・食用可,9月-10月,赤く熟す集合果。甘くて食べられる。,"厚く光沢のある濃い緑色。
冬は寒さで赤紫色に紅葉する（落葉はしない）。",比較的なめらか。,花後（6月-7月）、冬（2月-3月）,真夏,"自然樹形が美しいため、徒長枝や込み合った枝を抜く程度。
刈り込みは避ける。",非推奨,普通程度,うどんこ病、すす病,普通程度（-5度程度）,強い,普通程度,普通程度,寒冷地では落葉することがある。
モミノキ,マツ科・モミ属,常緑,高木,20m-30m,早い,年40-60cm程度,"日本特産の常緑針葉樹。
クリスマスツリーの「本物」の木。
成長すると円錐形の雄大な姿になる。","整った円錐形の樹形。
神聖な雰囲気があり、記念樹にも使われる。",観賞価値が低い,5月,目立たない。,観賞価値あり,10月,円筒形の大きな松ぼっくりが直立してつく。,"扁平な針状の葉で、先は二股に分かれ痛くない。
裏に白い気孔線がある。",灰褐色で、古くなると鱗片状になる。,11月-2月、6月-7月,真夏,"大きくなるため芯止めが必要。
枝の配置バランスを見ながら透かし剪定を行う。",不可,普通程度,マツクイムシ、テッポウムシ,強い,弱い（暑さと大気汚染に弱い）,強い（耐陰性あり）,普通程度,西日を嫌う。都市部の環境にはあまり適さない。
ユッカ・デスメティアーナ,キジカクシ科・イトラン属,常緑,低木,1m-2m,遅い,年10-20cm程度,"メキシコ原産のユッカの一種。
葉が柔らかく、先端が垂れ下がる。
寒さに当たると葉が紫色に紅葉するのが最大の特徴。","冬の紅葉（パープル）が非常に美しい。
モダンでエレガントな雰囲気。",観賞価値あり,夏,白いスズランのような花を房状に咲かせる。,なし,-,特になし,"柔らかく、縁に細かい鋸歯がある。
夏は青緑、冬は紫褐色。",成長すると太い幹が立ち上がる。,春・秋,真夏・真冬,"枯れた下葉を切り取る。
大きくなりすぎたら切り戻して挿し木更新。",不可,つきにくい,特になし,普通程度（-5度程度）,強い,普通程度,強い,冬の寒さにあてないと綺麗に紅葉しない。
ユッカ・ロストラータ,キジカクシ科・イトラン属,常緑,中木,2m-4m,非常に遅い,年数cm-10cm程度,"シルバーブルーの細い葉が放射状（ボール状）に広がる。
幹には枯れた葉がスカートのように残る。
非常に耐寒性が強く、ドライガーデンの最高級品種。","圧倒的な存在感と美しさ。
シルバーブルーの葉色が洗練された印象。",観賞価値あり,初夏,白い花茎を伸ばし、クリーム色の花を咲かせる（古株のみ）。,なし,-,特になし,"青白い粉を吹いたような細長い葉。
先端は鋭く尖っている。",繊維状の毛に覆われた太い幹。,春・秋,真夏・真冬,枯れた下葉を幹に残すか、切り取って模様を見せるかで好みが分かれる。,不可,つきにくい,特になし,非常に強い（-10度以下）,非常に強い,普通程度,非常に強い,成長が遅く高価だが、非常に丈夫で寿命が長い。
ヨーロッパゴールド,ヒノキ科・クロベ属,常緑,中木,4m-6m,普通程度,年30cm程度,"ニオイヒバの園芸品種。
春から夏は黄金色の葉が美しく、冬はオレンジがかった褐色になる。
比較的成長が穏やかで扱いやすい。","発色の良い黄金色の葉が庭を明るくする。
香りもよい。",観賞価値が低い,4月,目立たない。,観賞価値が低い,10月,小さな球果。,"平たい鱗葉。
日当たりの良い場所ほど黄金色が鮮やかになる。",赤褐色。,3月、6月、9月,真夏・真冬,"自然樹形を楽しむが、軽い刈り込みで整えることも可能。
芯止めで高さを抑える。",可,普通程度,ハダニ、カイガラムシ,強い,普通程度（蒸れに弱い）,普通程度,普通程度,日陰だと色が緑に戻ってしまう。
ワシントンヤシ,ヤシ科・ワシントンヤシ属,常緑,高木,10m-20m,早い,年50cm-1m程度,"北米原産の大型ヤシ。
空に向かって真っ直ぐ伸びる幹と扇形の葉。
カリフォルニアスタイルの庭に欠かせない。","リゾート感あふれる景観を作る。
枯れた葉が垂れ下がり「スカート」を作るのが特徴。",観賞価値あり,6月-8月,クリーム色の小花が房状に咲く。,観賞価値低い,秋,黒っぽい小さな実。,"巨大な手のひら状（扇状）の葉。
葉柄に鋭いトゲがある。",滑らかではなく、葉柄の跡が残ることがある。,5月-9月,冬,"枯れた下葉を切り落とす。
高所作業になるため専門業者への依頼が必要。",不可,つきにくい,特になし,普通程度（-5度程度）,強い,弱い,強い,非常に大きくなるため、一般家庭の庭植えにはスペースの検討が必要。
